appid,name,owners,combined_hours_on_record,review_summary,recent_percent_positive,release_year,last_update_year,approx_install_size_gb
251570,7 Days to Die,5,548.4,Very Positive,87.11,2024,2025,15.0
346110,ARK: Survival Evolved,5,135.6,Very Positive,83.4,2017,2025,60.0
407530,ARK: Survival Of The Fittest,5,0.0,Mixed,66.27,2017,2024,36.13
361420,ASTRONEER,5,160.4,Very Positive,92.1,2019,2025,4.0
1966720,Lethal Company,5,19.0,Overwhelmingly Positive,97.13,2023,2025,2.0
1625450,Muck,5,61.6,Very Positive,93.52,2021,2021,0.1
739630,Phasmophobia,5,136.9,Overwhelmingly Positive,95.76,2020,2025,21.0
440,Team Fortress 2,5,470.3,Very Positive,90.32,2007,2025,15.0
230410,Warframe,5,2236.7,Very Positive,87.5,2013,2025,
960090,Bloons TD 6,4,446.2,Overwhelmingly Positive,97.22,2018,2025,4.0
219640,Chivalry: Medieval Warfare,4,44.2,Very Positive,82.53,2012,2022,
2016590,Dark and Darker,4,7.0,Mixed,64.2,2024,2025,
698780,Doki Doki Literature Club,4,12.0,Overwhelmingly Positive,96.45,2017,2018,0.34
4000,Garry's Mod,4,35.1,Overwhelmingly Positive,96.81,2006,2025,25.0
553850,HELLDIVERS™ 2,4,339.5,Mostly Positive,77.3,2024,2025,
238960,Path of Exile,4,35.2,Very Positive,88.86,2013,2025,40.0
301520,Robocraft,4,78.8,Mostly Positive,73.05,2017,2023,2.0
72850,The Elder Scrolls V: Skyrim,4,183.1,Very Positive,94.8,2011,2025,
823130,Totally Accurate Battlegrounds,4,7.8,Very Positive,88.42,2018,2023,5.0
304930,Unturned,4,2.3,Very Positive,91.14,2017,2025,6.0
429881,Unturned - Early Access,4,0.0,No reviews,,,,
945360,Among Us,3,28.0,Very Positive,91.86,2018,2025,
1086940,Baldur's Gate 3,3,603.7,No reviews,,,2025,
582660,Black Desert,3,254.3,Mostly Positive,73.86,2017,2025,80.0
49520,Borderlands 2,3,100.2,Very Positive,89.26,2012,2025,
235584,Civilization V - Scrambled Continents Map Pack,3,0.0,Very Positive,83.87,2013,2013,8.0
235585,Civilization V - Scrambled Nations Map Pack,3,0.0,Mostly Positive,73.42,2013,2013,11.0
2881650,Content Warning,3,3.2,Very Positive,94.56,2024,2025,6.0
1621690,Core Keeper,3,33.7,Very Positive,92.89,2024,2025,
774801,Crab Champions,3,129.8,Overwhelmingly Positive,97.92,2023,2025,6.0
381210,Dead by Daylight,3,154.5,Mostly Positive,78.74,2016,2025,
548430,Deep Rock Galactic,3,98.2,Overwhelmingly Positive,97.23,2020,2025,3.0
322330,Don't Starve Together,3,88.1,Overwhelmingly Positive,95.15,2016,2025,3.0
379720,DOOM,3,7.8,Overwhelmingly Positive,95.49,2016,2025,
1245620,ELDEN RING,3,355.1,Very Positive,92.94,2022,2025,
273350,Evolve Stage 2,3,17.2,Mostly Positive,70.03,2015,2018,
377160,Fallout 4,3,213.6,Very Positive,83.15,2015,2025,
240720,Getting Over It with Bennett Foddy,3,13.5,Very Positive,82.38,,2022,2.0
431240,Golf With Your Friends,3,27.6,Very Positive,88.06,2020,2025,4.0
1277570,Golf With Your Friends - Caddy Pack,3,0.0,Very Positive,83.19,2020,,4.0
1250,Killing Floor,3,166.2,No reviews,,,2016,
232090,Killing Floor 2,3,52.5,Very Positive,88.27,2016,2024,
35420,Killing Floor Mod: Defence Alliance 2,3,0.0,No reviews,,,2014,
589870,Learn to Fly 3,3,4.5,Very Positive,94.64,2017,2018,0.05
1063730,New World: Aeternum,3,252.2,Mixed,68.64,2021,2025,100.0
275850,No Man's Sky,3,137.9,Very Positive,83.77,2016,2025,15.0
794260,Outward,3,206.1,Mostly Positive,72.82,2022,2024,51.0
218230,PlanetSide 2,3,200.8,Very Positive,80.77,2012,2025,
1083500,PlanetSide 2 - Test,3,0.0,Very Positive,82.71,2019,,20.0
648800,Raft,3,35.5,Very Positive,93.22,2022,2025,10.0
755790,Ring of Elysium,3,39.5,No reviews,,,2021,
438040,Shakes and Fidget,3,0.5,Very Positive,92.35,2016,2025,0.1
8930,Sid Meier's Civilization V,3,257.3,Overwhelmingly Positive,95.56,2010,2024,10.0
235580,Sid Meier's Civilization V: Brave New World,3,0.0,Very Positive,93.91,2013,2018,10.0
365720,Skyrim Script Extender (SKSE),3,0.0,Overwhelmingly Positive,97.73,2015,,6.0
99900,Spiral Knights,3,1.9,Very Positive,83.75,2011,2018,
1714040,Super Auto Pets,3,218.0,Very Positive,90.48,2021,2025,0.5
306130,The Elder Scrolls Online,3,15.0,Very Positive,81.21,2017,2025,
391540,Undertale,3,34.0,Overwhelmingly Positive,96.77,2015,2023,0.2
892970,Valheim,3,342.2,Very Positive,94.25,2021,2025,3.0
346900,AdVenture Capitalist,2,337.4,Very Positive,87.77,2015,2018,0.08
462930,AdVenture Communist,2,178.8,Mixed,64.92,2016,2017,0.06
226840,Age of Wonders III,2,5.9,Very Positive,80.2,2014,2017,10.0
239200,Amnesia: A Machine for Pigs,2,0.0,Mixed,69.53,2013,2024,5.0
57300,Amnesia: The Dark Descent,2,1.5,Very Positive,94.58,2010,2024,
1172470,Apex Legends,2,26.9,Mixed,67.2,2020,2025,75.0
204300,Awesomenauts,2,0.6,Very Positive,84.65,2012,2025,3.5
2379780,Balatro,2,158.0,Overwhelmingly Positive,97.96,2024,2025,0.15
37420,"Ben There, Dan That!",2,3.4,Mixed,68.42,,2012,
346010,Besiege,2,19.2,Overwhelmingly Positive,95.31,2020,2025,5.0
8850,BioShock 2,2,16.0,Very Positive,88.85,,2016,
409720,BioShock 2 Remastered,2,28.8,Mostly Positive,70.85,,2024,
263060,Blockstorm,2,0.2,Mostly Positive,79.98,2015,2024,0.5
291550,Brawlhalla,2,3.2,Very Positive,81.12,2017,2025,2.0
1607680,Bread & Fred,2,2.0,Very Positive,80.83,2023,2025,1.46
2791440,Brighter Shores,2,28.0,Mixed,69.83,2024,2025,2.0
293260,Card Hunter,2,2.3,Very Positive,85.58,,2025,0.29
204360,Castle Crashers,2,10.9,Overwhelmingly Positive,96.17,,2025,
386620,"Cook, Serve, Delicious! 2!!",2,7.2,No reviews,,,2025,
730,Counter-Strike 2,2,0.5,No reviews,,,2025,
2063420,CozyTyper,2,65.6,Very Positive,95.51,2022,2025,0.73
386180,Crossout,2,18.5,Mostly Positive,75.07,2017,2025,20.0
466240,Deceit,2,1.8,Mostly Positive,79.03,2017,2023,20.0
248330,Dino Run DX,2,2.3,Very Positive,93.62,2015,2025,0.49
1294660,Divine Knockout (DKO),2,0.4,No reviews,,,2024,
219740,Don't Starve,2,6.6,No reviews,,,2023,
282470,Don't Starve Reign of Giants,2,0.0,No reviews,,,2014,
570,Dota 2,2,4502.1,Very Positive,81.38,2013,2025,60.0
65800,Dungeon Defenders,2,377.7,No reviews,,,2025,
236110,Dungeon Defenders II,2,9.4,No reviews,,,2025,
1101190,Dungeon Defenders: Awakened,2,89.9,No reviews,,,2024,
236090,Dust: An Elysian Tail,2,11.9,No reviews,,,2015,
8500,EVE Online,2,2.7,No reviews,,,2025,
38400,Fallout,2,0.0,No reviews,,,2025,
588430,Fallout Shelter,2,2.2,No reviews,,,2021,
506610,Five Nights at Freddy's: Sister Location,2,1.2,No reviews,,,2018,2.0
527230,For The King,2,61.9,No reviews,,,2024,3.0
223390,Forge,2,0.5,Mostly Positive,73.31,,2014,
608800,Guns of Icarus Alliance,2,1.9,Mostly Positive,76.45,,2025,
209080,Guns of Icarus Online,2,1.9,No reviews,,,2025,
613100,House Flipper,2,6.0,Very Positive,94.13,2018,2025,6.0
513560,Hunger Dungeon,2,0.5,Mostly Positive,72.42,2016,2022,0.29
594650,Hunt: Showdown 1896,2,45.0,Mostly Positive,72.84,2019,2025,
770720,Hunt: Showdown 1896 (Test Server),2,0.0,Mixed,47.37,2018,2023,
1476970,IdleOn - The Idle RPG,2,22.6,Mostly Positive,79.73,2021,2025,1.0
1997080,Just A Humble Swordsmith,2,0.9,Very Positive,90.24,2022,,0.1
6880,Just Cause,2,0.2,No reviews,,,2013,
8190,Just Cause 2,2,3.3,No reviews,,,2016,
368230,Kingdom: Classic,2,17.1,Very Positive,90.64,2015,2017,1.0
550,Left 4 Dead 2,2,76.7,No reviews,,,2025,
285160,LEGO® The Hobbit™,2,10.2,No reviews,,,2019,
214510,LEGO® The Lord of the Rings™,2,3.8,No reviews,,,2025,
48000,LIMBO,2,2.7,No reviews,,,2025,
1599340,Lost Ark,2,351.0,Mostly Positive,70.86,2022,2025,
871420,Lovecraft's Untold Stories,2,2.6,No reviews,,,2025,
216150,MapleStory,2,3.6,Mixed,63.56,2012,2025,
489520,Minion Masters,2,22.3,No reviews,,,2025,
109600,Neverwinter,2,3.2,No reviews,,,2024,
1325200,Nioh 2 – The Complete Edition,2,151.4,Very Positive,87.7,2021,2022,
302590,Of Guards And Thieves,2,0.9,Very Positive,85.39,2014,2021,0.59
277700,On Rusty Trails,2,0.0,No reviews,,,2022,
201790,Orcs Must Die! 2,2,0.7,No reviews,,,2017,
444090,Paladins,2,342.4,No reviews,,,2025,
596350,Paladins - Public Test,2,0.0,No reviews,,,,
1623730,Palworld,2,61.7,Very Positive,94.09,2024,2025,40.0
356570,Party Hard,2,6.7,No reviews,,,2024,
620,Portal 2,2,22.9,No reviews,,,2025,
429540,Prime World: Defenders 2,2,0.7,No reviews,,,2021,
108600,Project Zomboid,2,3.2,No reviews,,,2025,
1363430,Propagation VR,2,0.0,No reviews,,,2023,
3830,Psychonauts,2,45.2,No reviews,,,2017,
578080,PUBG: BATTLEGROUNDS,2,43.4,No reviews,,,2025,
611500,Quake Champions,2,24.5,No reviews,,,2025,
253030,Race The Sun,2,157.9,Very Positive,93.58,2013,2017,0.15
1282100,Remnant II,2,10.2,Very Positive,83.04,2023,2025,
248820,Risk of Rain (2013),2,20.9,No reviews,,,2025,
632360,Risk of Rain 2,2,34.8,No reviews,,,2025,
241600,Rogue Legacy,2,50.9,No reviews,,,2024,
206420,Saints Row IV,2,32.3,No reviews,,,2024,
55230,Saints Row: The Third,2,40.5,No reviews,,,2015,
268870,Satellite Reign,2,6.6,No reviews,,,2016,
1391220,Scrapnaut: Prologue,2,0.9,No reviews,,,2021,
1318690,shapez,2,73.7,Overwhelmingly Positive,96.15,2020,2024,0.29
2087030,Shatterline,2,5.0,Mostly Positive,74.69,2025,2024,24.0
250760,Shovel Knight: Treasure Trove,2,41.9,No reviews,,,2022,0.24
289070,Sid Meier's Civilization VI,2,131.6,No reviews,,,2025,
204880,Sins of a Solar Empire: Rebellion,2,2.3,No reviews,,,2025,
386360,SMITE,2,490.4,Mostly Positive,78.76,2015,2025,30.0
858460,SMITE - Public Test,2,0.0,No reviews,,,,
253650,Sparkle 2 Evo,2,1.0,Mostly Positive,73.52,2013,2019,0.18
677620,Splitgate,2,2.2,Very Positive,91.48,2019,2025,15.0
208580,STAR WARS™ Knights of the Old Republic™ II: The Sith Lords™,2,1.9,No reviews,,,2024,
6000,STAR WARS™ Republic Commando,2,1.3,No reviews,,,2025,
32430,STAR WARS™: The Force Unleashed™ Ultimate Sith Edition,2,0.0,No reviews,,,2012,
211820,Starbound,2,79.7,No reviews,,,2024,
367540,Starbound - Unstable,2,0.0,No reviews,,,2017,
413150,Stardew Valley,2,88.8,No reviews,,,2025,
96200,Steel Storm: Burning Retribution,2,1.1,No reviews,,,2015,
264710,Subnautica,2,112.3,Overwhelmingly Positive,96.99,2018,2025,20.0
286160,Tabletop Simulator,2,215.7,No reviews,,,2024,
323370,TERA,2,22.5,Mostly Positive,79.19,,2020,
105600,Terraria,2,633.7,No reviews,,,2025,
113200,The Binding of Isaac,2,8.0,No reviews,,,2025,
1003400,The Lord of the Rings: Journeys in Middle-earth,2,9.3,Very Positive,90.9,2019,2025,0.39
292030,The Witcher 3: Wild Hunt,2,11.4,No reviews,,,2025,
378648,The Witcher 3: Wild Hunt - Blood and Wine,2,0.0,No reviews,,,2024,
355880,The Witcher 3: Wild Hunt - Expansion Pass,2,0.0,No reviews,,,,
378649,The Witcher 3: Wild Hunt - Hearts of Stone,2,0.0,No reviews,,,2023,
210970,The Witness,2,1.7,Very Positive,84.69,2016,2023,5.0
518790,theHunter: Call of the Wild™,2,6.4,No reviews,,,2025,
2429640,THRONE AND LIBERTY,2,74.1,Mixed,67.66,2024,2025,
37400,"Time Gentlemen, Please!",2,0.0,No reviews,,,2020,
1281930,tModLoader,2,0.1,No reviews,,,2025,
203160,Tomb Raider,2,0.0,No reviews,,,2025,
594570,Total War: WARHAMMER II,2,13.5,No reviews,,,2022,
335240,Transformice,2,0.6,Very Positive,87.97,2015,2022,0.06
858820,Tribes of Midgard,2,101.8,Mostly Positive,76.48,2021,2023,8.0
408900,Unfortunate Spacemen,2,2.0,No reviews,,,2024,
1604030,V Rising,2,2.7,No reviews,,,2025,
1794680,Vampire Survivors,2,290.2,Overwhelmingly Positive,98.45,2022,2025,2.44
236390,War Thunder,2,29.0,Mostly Positive,72.77,2013,2025,95.0
489630,"Warhammer 40,000: Gladius - Relics of War",2,57.4,Very Positive,81.54,2018,2025,8.0
55150,"Warhammer 40,000: Space Marine - Anniversary Edition",2,2.3,No reviews,,,2025,
1759110,"Warhammer 40,000: Space Marine Soundtrack",2,0.0,No reviews,,,,
774241,Warhammer: Chaosbane,2,8.4,No reviews,,,2020,
235540,Warhammer: End Times - Vermintide,2,22.0,No reviews,,,2018,
582500,We Were Here,2,1.3,No reviews,,,2025,
1390350,Webbed,2,9.9,Overwhelmingly Positive,97.61,2021,2021,0.24
376570,WildStar,2,3.5,Mostly Positive,75.16,2016,2018,30.0
1407200,World of Tanks,2,1.8,Very Positive,81.78,2021,2025,70.0
435790,10 Second Ninja X,1,0.3,Mostly Positive,78.52,2016,2024,0.34
410110,12 is Better Than 6,1,0.7,Very Positive,83.51,2015,2021,0.29
242820,140,1,0.2,Very Positive,92.51,2013,2019,0.1
375460,16bit Trader,1,0.3,Mixed,50.32,2015,2019,
1966900,20 Minutes Till Dawn,1,9.5,No reviews,,,2024,
1830480,50,1,0.0,No reviews,,,2022,
526540,8infinity,1,0.0,Mostly Positive,75.92,2016,2019,0.2
437530,A Blind Legend,1,0.5,Mostly Positive,75.08,2016,,0.44
3244220,A Game About Digging A Hole,1,3.6,No reviews,,,2025,
253230,A Hat in Time,1,38.9,Overwhelmingly Positive,97.83,2017,2025,8.0
787340,A Hat in Time - Seal the Deal,1,0.0,Mixed,66.21,2018,,5.0
1404360,A Shopping Trip to Eklan Tor,1,0.4,Very Positive,98.71,2020,,0.21
278360,A Story About My Uncle,1,0.9,Very Positive,91.56,2014,2017,2.0
15560,AaaaaAAaaaAAAaaAAAAaAAAAA!!! for the Awesome,1,1.6,Mostly Positive,74.13,2011,2014,2.0
2358610,Abathor - Atlantis Landing,1,0.0,No reviews,,,2024,
1977030,"Abort, Retry, Fail",1,0.0,No reviews,,,,
473690,Absolver,1,0.5,No reviews,,,2018,
228400,ACE COMBAT™ ASSAULT HORIZON Enhanced Edition,1,0.0,Mixed,58.0,2013,2014,
1385380,Across the Obelisk,1,106.3,No reviews,,,2025,
429790,AdventureQuest 3D,1,0.0,No reviews,,,2025,
371140,Aegis Defenders,1,0.0,Mostly Positive,78.28,2018,2018,2.0
217750,Age of Conan: Unchained,1,2.0,No reviews,,,2020,
266840,Age of Mythology: Extended Edition,1,3.4,No reviews,,,2024,
1669000,Age of Wonders 4,1,3.8,No reviews,,,2025,
717310,Aggelos,1,0.0,Mostly Positive,78.1,2018,2018,0.1
40400,AI War: Fleet Command,1,0.0,Very Positive,82.47,2009,2019,
206500,AirMech,1,0.3,No reviews,,,2025,
317250,Airscape: The Fall of Gravity,1,6.2,Very Positive,82.08,2015,2015,0.49
108710,Alan Wake,1,2.1,Very Positive,90.26,2012,2024,
761890,Albion Online,1,8.4,No reviews,,,2025,
2683150,Ale & Tale Tavern,1,3.4,No reviews,,,2025,
563560,Alien Swarm: Reactive Drop,1,12.3,No reviews,,,2025,
1549970,Aliens: Fireteam Elite,1,1.8,No reviews,,,2024,
204140,All Zombies Must Die!,1,1.1,Mostly Positive,75.0,,2012,
1206600,Almighty: Kill Your Gods,1,1.0,No reviews,,,2023,
270880,American Truck Simulator,1,29.5,Overwhelmingly Positive,96.96,2016,2025,25.0
673130,AMID EVIL,1,0.0,Very Positive,93.51,2019,2024,5.0
250620,Among the Sleep,1,0.9,Very Positive,88.59,2014,2016,2.0
536270,Ancestors: The Humankind Odyssey,1,0.3,Mostly Positive,78.53,2020,2019,
345090,Ancient Planet,1,0.7,Very Positive,82.52,2015,2023,0.2
18700,And Yet It Moves,1,0.0,Mostly Positive,70.03,2009,2012,0.06
1157250,Anomaly Zone,1,0.0,No reviews,,,2025,
219890,Antichamber,1,11.8,Overwhelmingly Positive,95.09,2013,2019,
304030,ArcheAge,1,14.2,No reviews,,,2024,
207230,Archeblade,1,0.2,No reviews,,,2018,
530700,Argo,1,0.0,No reviews,,,2019,
558100,Art of War: Red Tides,1,0.0,No reviews,,,2020,
2113570,Ascend- Reborn,1,0.3,No reviews,,,2024,
2484990,Asgard's Fall: Origins,1,0.4,No reviews,,,2025,
1133430,Ashes of Creation Apocalypse,1,0.3,No reviews,,,2020,
507490,Ashes of the Singularity: Escalation,1,0.0,Mostly Positive,74.22,2016,2025,30.0
812140,Assassin's Creed Odyssey,1,2.5,No reviews,,,2025,
244210,Assetto Corsa,1,0.3,Very Positive,92.68,2014,2017,30.0
55040,Atom Zombie Smasher,1,0.5,Very Positive,89.61,2011,2023,0.06
621930,Attack of the Earthlings,1,0.0,No reviews,,,2020,
12900,Audiosurf,1,1.7,Overwhelmingly Positive,95.67,2008,2020,
205870,Auditorium,1,2.0,Very Positive,83.84,2012,2012,0.06
529110,Awkward Dimensions Redux,1,0.0,Very Positive,80.51,2016,2017,2.0
332200,Axiom Verge,1,1.0,Very Positive,90.74,2015,2025,0.29
924970,Back 4 Blood,1,5.5,No reviews,,,2025,
308040,Back to Bed,1,0.4,Very Positive,81.2,2014,2014,0.59
31290,Back to the Future: Ep 1 - It's About Time,1,0.0,Very Positive,88.35,2010,2013,
94500,Back to the Future: Ep 2 - Get Tannen!,1,0.0,Very Positive,88.94,,2011,
94510,Back to the Future: Ep 3 - Citizen Brown,1,0.0,Very Positive,90.37,,2011,
94520,Back to the Future: Ep 4 - Double Visions,1,0.0,Very Positive,88.64,,2011,
94530,Back to the Future: Ep 5 - OUTATIME,1,0.0,Very Positive,90.21,,2011,
257350,Baldur's Gate II: Enhanced Edition,1,0.0,No reviews,,,2024,
228280,Baldur's Gate: Enhanced Edition,1,0.2,No reviews,,,2024,
2923300,Banana,1,1.2,No reviews,,,2025,
1779530,Bass Monkey,1,0.0,No reviews,,,2025,
107100,Bastion,1,9.6,Overwhelmingly Positive,95.36,2011,2017,1.5
208650,Batman™: Arkham Knight,1,14.1,Very Positive,88.92,2015,2023,
3351430,Batography,1,0.2,Very Positive,97.96,2025,2025,0.2
716610,Battle for the Galaxy,1,0.2,No reviews,,,2019,
599390,Battle for Wesnoth,1,0.0,No reviews,,,2025,
1057700,Battle Grounds III,1,0.0,No reviews,,,2025,
671860,BattleBit Remastered,1,5.2,No reviews,,,2025,
238460,BattleBlock Theater,1,0.5,Overwhelmingly Positive,97.2,2014,2025,2.0
394230,Battleborn,1,3.8,No reviews,,,2017,
1238840,Battlefield™ 1,1,0.6,No reviews,,,2025,
504370,Battlerite,1,17.2,No reviews,,,2021,
544610,Battlestar Galactica Deadlock,1,0.0,Very Positive,83.11,2017,2025,8.53
1244950,Battletoads,1,0.0,Mixed,68.32,2020,2020,
783050,Bear With Me - Collector's Edition,1,0.0,Very Positive,83.88,2018,2018,6.84
620980,Beat Saber,1,52.2,Overwhelmingly Positive,95.57,,2025,0.2
231040,Beatbuddy: Tale of the Guardians,1,0.9,Mostly Positive,75.25,,2015,1.0
104200,BEEP,1,0.9,Very Positive,84.81,,2014,0.5
1082430,Before Your Eyes,1,0.2,Overwhelmingly Positive,97.95,,2022,6.0
475550,Beholder,1,1.4,Very Positive,91.74,,2024,
381320,Bezier,1,0.0,Mostly Positive,76.85,,2016,0.18
597820,BIOMUTANT,1,8.1,No reviews,,,2021,
1549560,BIOMUTANT - Mercenary Class,1,0.0,No reviews,,,,
1279750,BIOMUTANT - Soundtrack,1,0.0,No reviews,,,2021,
7670,BioShock,1,14.3,No reviews,,,2016,
8870,BioShock Infinite,1,11.3,No reviews,,,2024,
409710,BioShock Remastered,1,0.0,No reviews,,,2024,
1071870,Biped,1,0.0,Very Positive,85.94,,2025,8.0
433950,Bit Blaster XL,1,30.4,Overwhelmingly Positive,96.45,2016,2025,0.49
342020,BiT Evolution,1,1.4,Mixed,54.3,,2015,0.1
666860,Bit Heroes,1,0.3,No reviews,,,2025,
218060,BIT.TRIP Presents... Runner2: Future Legend of Rhythm Alien,1,0.2,Very Positive,91.83,,2024,
63710,BIT.TRIP RUNNER,1,0.0,Very Positive,85.76,,2024,
362890,Black Mesa,1,2.1,No reviews,,,2025,
550650,Black Squad,1,0.0,No reviews,,,2025,
308060,Black The Fall,1,0.0,Mostly Positive,77.82,,2017,4.0
313140,Blackbay Asylum,1,0.0,Mixed,56.44,,2019,1.2
209870,Blacklight: Retribution,1,38.0,No reviews,,,2018,
508170,BlackSmith HIT,1,0.0,Very Positive,82.63,,2019,0.2
1945250,Blacktop Hoops,1,0.0,Very Positive,88.83,,2024,
1201240,BLEACH Brave Souls - 3D Action,1,0.0,No reviews,,,2025,
365670,Blender,1,0.4,No reviews,,,2025,
1254120,Bless Unleashed,1,0.2,No reviews,,,2025,
250340,Blockland,1,0.7,Mostly Positive,73.19,,2015,2.0
111800,Blocks That Matter,1,12.0,Mostly Positive,77.72,,2013,
567630,Blood of Steel,1,0.7,No reviews,,,2025,
260250,Blood of the Werewolf,1,0.5,Mixed,59.32,,2021,3.0
6370,Bloodline Champions,1,0.0,No reviews,,,2021,
686090,Bloodlines of Prima,1,0.0,No reviews,,,2020,
336420,Bloodsports.TV,1,0.4,No reviews,,,2015,
367290,Bloodsports.TV - Blood Brawl,1,0.0,No reviews,,,,
1705410,Bloody Efforts,1,0.2,No reviews,,,2023,
257750,Bloody Trapland,1,0.7,Very Positive,81.99,,2014,0.49
1252780,Bloons Monkey City,1,0.0,No reviews,,,2024,
444640,Bloons TD Battles,1,1.0,No reviews,,,2025,
1216220,Boiling Steel: Preface,1,0.0,Mostly Positive,77.5,,2020,10.0
754050,Bomb Bots Arena,1,0.7,No reviews,,,2021,
656680,Bomb Defense,1,0.0,Very Negative,18.1,,2017,0.55
8310,Bone: Out from Boneville,1,0.0,Mixed,53.96,,,
8320,Bone: The Great Cow Race,1,0.0,Mixed,59.13,,,
1202930,Boom Boomerang,1,0.4,Mostly Positive,77.78,,2021,2.0
965680,Boomerang Fu,1,1.2,Overwhelmingly Positive,96.53,,2025,0.59
991260,Borderlands 2 VR,1,0.1,Mixed,52.42,,2020,
397540,Borderlands 3,1,5.5,No reviews,,,2025,
261640,Borderlands: The Pre-Sequel,1,3.2,No reviews,,,2020,
1285190,Borderlands® 4,1,6.3,No reviews,,,2025,
1081470,Born of Fire,1,0.0,No reviews,,,2019,
362350,Boss Monster,1,6.3,No reviews,,,2016,
956500,Bow to Blood: Last Captain Standing,1,0.5,Very Positive,87.5,,2022,4.0
26800,Braid,1,0.9,Very Positive,93.4,,2017,0.2
285800,Braveland,1,0.7,Very Positive,81.59,,2018,0.49
266130,Breach & Clear,1,1.7,Very Positive,82.48,,2014,3.0
1161770,Breeders of the Nephelym,1,0.0,No reviews,,,2020,
780270,Brimstone Brawlers,1,0.3,No reviews,,,2025,
1600320,Brisk Square,1,0.4,Very Positive,81.01,,2022,2.0
274190,Broforce,1,5.7,No reviews,,,2023,
232790,Broken Age,1,0.0,Very Positive,83.68,,2017,2.44
225260,Brütal Legend,1,0.0,Very Positive,93.22,,2023,
1082710,Bug Fables: The Everlasting Sapling,1,9.3,Overwhelmingly Positive,97.24,,2024,0.29
247770,Cabela's Big Game Hunter Pro Hunts,1,54.3,No reviews,,,2017,
1973110,Cactus Cowboy - Plants at War,1,0.5,Very Positive,89.68,,2024,2.0
1657760,Cactus Cowboy 3 - Fully Loaded,1,1.3,Very Positive,89.0,,2021,0.68
22340,Call of Cthulhu: Dark Corners of the Earth,1,0.0,No reviews,,,2024,
95300,Capsized,1,0.2,Mostly Positive,76.08,,2018,1.0
598810,Carcassonne: The Official Board Game,1,0.0,Very Positive,85.37,,2021,2.0
1506850,Cards & Tankards,1,0.0,No reviews,,,2025,
743580,CARRUMBLE,1,0.0,No reviews,,,2020,
1063530,Cartoon Network Journeys VR,1,1.2,Very Positive,92.81,,2020,3.0
2831910,CastingPlz,1,0.1,Very Positive,91.85,2024,,2.0
1018130,Castle Break,1,0.0,No reviews,,,2024,
253430,CastleMiner Z,1,0.5,No reviews,,,2025,
241410,CastleStorm,1,0.3,Very Positive,89.14,,2014,
447890,Cat on a Diet,1,0.0,Very Positive,83.8,,2019,
329860,Catlateral Damage,1,0.4,Very Positive,89.06,,2016,1.0
200900,Cave Story+,1,25.2,Very Positive,92.93,,2017,
452060,Caveblazers,1,0.7,Very Positive,85.57,,2020,
977400,Cell to Singularity - Evolution Never Ends,1,0.3,Very Positive,89.73,,2025,0.15
918570,Century: Age of Ashes,1,0.7,No reviews,,,2025,
9880,Champions Online,1,0.2,No reviews,,,2016,
3809440,Cheese Rolling,1,0.0,Overwhelmingly Positive,96.33,,2025,0.49
1501980,ChefSquad,1,0.0,Positive,89.47,,,
804270,Chex Quest HD,1,6.0,Very Positive,80.21,,2021,3.0
330020,Children of Morta,1,0.0,Very Positive,88.69,,2024,2.0
326520,Chime Sharp,1,0.0,Mostly Positive,71.79,,2016,2.0
1913730,Chimeraland,1,0.0,No reviews,,,2022,
420930,CHKN,1,0.0,Very Positive,80.02,,2023,5.0
359960,Choice Chamber,1,0.0,Mostly Positive,73.7,,2016,0.08
251130,Chroma Squad,1,1.5,Very Positive,93.29,,2023,
1179110,Chrono's Arena,1,0.0,No reviews,,,2021,
258910,Citizens of Earth,1,0.8,Mostly Positive,76.31,,2015,2.0
412170,City of Chains,1,0.0,Mostly Positive,72.46,,2018,
1890650,Citywars Tower Defense,1,0.0,No reviews,,,2025,
1278360,Clam Man 2 - Open Mic,1,0.9,Very Positive,97.3,,2025,
822710,Clash: Mutants Vs Pirates,1,1.1,No reviews,,,2021,
3828850,Clean Break,1,0.1,Very Positive,97.56,2025,,0.49
363970,Clicker Heroes,1,10.8,Very Positive,89.66,2015,2023,0.1
968870,Close To The Sun,1,0.0,Mostly Positive,73.62,,2025,
72000,Closure,1,0.2,Very Positive,85.5,,2024,
397950,Clustertruck,1,1.1,Very Positive,93.5,,2016,
678960,CODE VEIN,1,4.0,No reviews,,,2020,
355180,Codename CURE,1,0.0,No reviews,,,2024,
26500,Cogs,1,0.0,Very Positive,88.51,,2025,
897330,Coloring Pixels,1,0.0,No reviews,,,2025,
1061880,Conan Chop Chop,1,2.7,No reviews,,,2022,
440900,Conan Exiles,1,58.5,No reviews,,,2025,
931180,Conan Exiles - Public Beta Client,1,0.0,No reviews,,,2024,
989690,Conan Unconquered,1,4.4,No reviews,,,2019,
313780,Conarium,1,0.0,No reviews,,,2018,
835570,Conqueror's Blade,1,0.0,No reviews,,,2025,
211900,Conquest of Elysium 3,1,0.0,No reviews,,,2024,
264240,CONSORTIUM 2014,1,0.0,No reviews,,,2023,
2380550,CONSORTIUM Remastered,1,0.0,No reviews,,,2024,
298810,Consortium Soundtrack and Discoveries,1,0.0,No reviews,,,,
247020,"Cook, Serve, Delicious!",1,9.4,No reviews,,,2025,
1000030,"Cook, Serve, Delicious! 3?!",1,25.0,No reviews,,,2025,
1454400,Cookie Clicker,1,122.1,No reviews,,,2025,
359800,Copa Petrobras de Marcas,1,0.0,No reviews,,,2015,
63620,Cosmic Osmo,1,0.0,No reviews,,,,
427240,Cosmic Trip,1,0.2,No reviews,,,2023,
115100,Costume Quest,1,1.6,No reviews,,,2012,
1307550,Craftopia,1,2.0,No reviews,,,2025,
731490,Crash Bandicoot™ N. Sane Trilogy,1,19.0,No reviews,,,2024,
26900,Crayon Physics Deluxe,1,0.4,No reviews,,,2020,
351920,Crazy Machines 3,1,5.8,No reviews,,,2017,
280790,Creativerse,1,0.0,Mostly Positive,77.58,2017,2024,6.0
2245240,Creativerse - The Definitive Edition,1,0.0,No reviews,,,,
343630,CroNix,1,0.0,No reviews,,,2015,
527710,Crown Champion: Legends of the Arena,1,0.0,No reviews,,,2019,
1057240,Crucible,1,0.4,No reviews,,,2020,
775220,Crusaders of Light,1,0.2,No reviews,,,2018,
402840,Crusaders of the Lost Idols,1,23.2,No reviews,,,2022,
223710,Cry of Fear,1,0.0,No reviews,,,2020,
247080,Crypt of the NecroDancer,1,40.5,Overwhelmingly Positive,95.56,2015,2024,1.56
344740,CRYPTARK,1,0.0,No reviews,,,2023,
1839660,Crystal Clash,1,0.0,No reviews,,,2024,
957830,Crystal Maidens,1,0.0,No reviews,,,2022,
107310,Cthulhu Saves the World,1,0.1,No reviews,,,2024,
207250,Cubemen,1,0.3,No reviews,,,2012,
1313140,Cult of the Lamb,1,29.5,No reviews,,,2025,
2015890,Cult of the Lamb Soundtrack,1,0.0,No reviews,,,,
534290,Cursed Castilla (Maldita Castilla EX),1,0.0,Very Positive,85.53,,2023,
1209040,Cyber Hunter,1,0.0,No reviews,,,2021,
1481400,Dagon,1,0.0,No reviews,,,2025,
225360,DARK,1,0.9,No reviews,,,2013,
374320,DARK SOULS™ III,1,39.2,No reviews,,,2024,
1548520,DARKEST DAYS,1,0.7,No reviews,,,2025,
50620,Darksiders,1,0.6,No reviews,,,2019,
388410,Darksiders II Deathinitive Edition,1,2.3,No reviews,,,2019,
276200,Darksiders Soundtrack,1,0.0,No reviews,,,,
462780,Darksiders Warmastered Edition,1,12.1,No reviews,,,2019,
1895130,Darza's Dominion,1,0.0,No reviews,,,2025,
1868140,DAVE THE DIVER,1,31.5,No reviews,,,2025,
2677020,DAVE THE DIVER - DREDGE Content Pack,1,0.0,No reviews,,,,
2841140,DAVE THE DIVER - Godzilla Content Pack,1,0.0,No reviews,,,,
2197910,Dawnlands,1,0.0,No reviews,,,2023,
221100,DayZ,1,79.1,No reviews,,,2025,
223750,DCS World Steam Edition,1,0.0,No reviews,,,2025,
363930,Dead Age,1,0.2,No reviews,,,2025,
489980,Dead by Daylight: Deluxe Edition,1,0.0,No reviews,,,,
492140,Dead by Daylight: Original Soundtrack,1,0.0,No reviews,,,,
509060,Dead by Daylight: The Last Breath Chapter,1,0.0,No reviews,,,,
778410,Dead Ground,1,0.8,No reviews,,,2018,
45740,Dead Rising 2,1,0.7,No reviews,,,2024,
423950,Deadlight Director’s Cut,1,0.7,No reviews,,,2019,
1422450,Deadlock,1,93.8,No reviews,,,2025,
594490,Deadly Hunter VR,1,0.0,No reviews,,,2017,8.0
3228590,Deadzone Rogue,1,6.1,No reviews,,,2025,10.0
203810,Dear Esther,1,0.2,No reviews,,,2017,
520720,Dear Esther: Landmark Edition,1,0.0,No reviews,,,,
252610,Death Road to Canada,1,49.7,No reviews,,,2025,
356650,Death's Gambit: Afterlife,1,0.0,No reviews,,,2022,
1149560,DEATHVERSE: LET IT DIE,1,0.0,No reviews,,,2023,40.0
1098400,Deck Defenders,1,0.2,No reviews,,,2024,0.24
2321470,Deep Rock Galactic: Survivor,1,8.5,No reviews,,,2025,2.0
374830,Defend The Highlands,1,0.2,No reviews,,,2016,
357780,Defend Your Life,1,0.0,No reviews,,,2015,
743090,Defiance 2050,1,0.0,No reviews,,,2021,
1045580,Deleveled,1,0.3,No reviews,,,2019,
2507950,Delta Force,1,0.0,Mixed,60.77,,2025,88.0
1671210,DELTARUNE,1,10.8,No reviews,,,2025,
1484280,Demeo,1,0.0,Very Positive,88.43,,2025,6.0
1806260,Demeo (Official Soundtrack),1,0.0,4 user reviews,100.0,,,
1837750,Demeo - PC Edition,1,1.0,Very Positive,83.66,,2025,3.0
292910,Deponia: The Complete Journey,1,0.0,No reviews,,,2014,
274940,Depth,1,13.7,No reviews,,,2024,
1611070,Descent: Legends of the Dark,1,3.8,Very Positive,90.12,,2024,1.0
2232060,Desktop Dungeons: Rewind - Daily Demo,1,0.0,Positive,80.85,,2023,0.59
3301060,Desktop Mate,1,0.0,No reviews,,,2025,
699920,Despotism 3k,1,0.7,No reviews,,,2019,
1085660,Destiny 2,1,4.5,Mostly Positive,78.74,,2025,105.0
436230,Detached,1,0.0,No reviews,,,2025,
436500,Diaries of a Spaceport Janitor,1,0.0,No reviews,,,2017,
1965800,Dice Tribes: Ambitions,1,4.1,Very Positive,96.8,,2022,0.1
861540,Dicey Dungeons,1,46.1,No reviews,,,2022,
2214080,Die in the Dungeon PROLOGUE,1,0.5,No reviews,,,2025,
537180,Digimon Masters Online,1,0.0,Mixed,67.02,,2025,10.0
871980,Digimon Survive,1,35.5,No reviews,,,2022,
913590,Dimension Drifter,1,0.0,Mostly Positive,72.73,,2019,3.0
1384290,DinoScape,1,0.3,Very Positive,81.74,,2021,0.49
201700,DiRT Showdown,1,0.2,No reviews,,,2017,
333930,Dirty Bomb,1,0.0,Very Positive,81.26,,2019,7.0
205100,Dishonored,1,5.0,No reviews,,,2022,
729460,Distant Space 2,1,0.0,No reviews,,,2019,
635200,Distrust,1,0.0,No reviews,,,2024,
252130,Divide by Sheep,1,0.2,No reviews,,,2020,
300040,Divine Souls,1,0.5,No reviews,,,2014,
243950,Divinity: Dragon Commander,1,0.7,Mostly Positive,73.79,,2013,
230170,Divinity: Dragon Commander Beta,1,0.0,No reviews,,,2013,
435150,Divinity: Original Sin 2,1,178.5,No reviews,,,2024,
57800,Doc Clock: The Toasted Sandwich of Time,1,0.0,No reviews,,,2011,
1637320,Dome Keeper,1,4.6,No reviews,,,2025,
248610,Door Kickers,1,0.3,No reviews,,,2021,
1046930,Dota Underlords,1,19.3,Very Positive,82.23,,2020,7.0
1215270,Down The Rabbit Hole,1,1.5,No reviews,,,2021,
47810,Dragon Age: Origins - Ultimate Edition,1,7.5,No reviews,,,2025,
11610,Dragon Nest,1,1.5,Mostly Positive,71.92,,2025,
2054970,Dragon's Dogma 2,1,3.8,Mixed,60.9,,2025,
2674810,Dragon's Dogma 2 Character Creator & Storage,1,0.3,Mostly Positive,79.73,,,
367500,Dragon's Dogma: Dark Arisen,1,0.0,No reviews,,,2023,
263500,Dragons and Titans,1,0.0,Mostly Positive,78.9,,2019,1.0
2067850,Drakensang Online,1,0.0,Mixed,65.13,,2025,2.0
442070,Drawful 2,1,0.0,Mostly Positive,74.22,,2025,0.49
269790,DreadOut,1,0.0,No reviews,,,2024,
418950,DreadOut: Keepers of The Dark,1,0.1,No reviews,,,2024,
654880,Dream Daddy: A Dad Dating Simulator,1,0.6,No reviews,,,2018,
296870,Dreaming Sarah,1,0.8,No reviews,,,2020,
1253950,Dreamscaper: Prologue,1,0.0,Very Positive,89.12,,2021,3.0
718650,Driftland: The Magic Revival,1,1.3,Mostly Positive,72.69,,2024,5.0
513450,Drop Alive,1,0.3,No reviews,,,2017,
572520,Dropzone,1,0.6,Mixed,69.77,,2021,6.0
237630,DuckTales Remastered,1,0.0,No reviews,,,2019,
291410,Duelyst,1,1.0,Very Positive,82.36,,2018,1.0
302270,Dungeon Defenders Eternity,1,8.6,No reviews,,,2015,
3194310,Dungeon Free,1,0.0,No reviews,,,2025,
982510,Dungeon Hunter 5,1,0.3,Mixed,51.9,,2019,
915580,Dungeon Hunter Champions,1,0.4,No reviews,,,2019,
249050,Dungeon of the ENDLESS™,1,0.5,No reviews,,,2023,
268081,Dungeon of the ENDLESS™ - Amplitude Badge,1,0.0,No reviews,,,2021,
365940,Dungeon of the ENDLESS™ - Australium Update,1,0.0,No reviews,,,,
268080,Dungeon of the ENDLESS™ - Bookworm Add-on,1,0.0,No reviews,,,,
2448970,Dungeonborne,1,0.0,Mixed,55.87,,2025,25.0
206480,Dungeons & Dragons Online®,1,12.2,No reviews,,,2025,
623280,Dungeons & Dragons: Dark Alliance,1,6.9,No reviews,,,2022,
262280,Dungeons 2,1,0.0,No reviews,,,2016,
98800,Dungeons of Dredmor,1,4.5,No reviews,,,2018,
587520,Dungeons of Sundaria,1,0.0,No reviews,,,2024,
65300,Dustforce,1,3.1,No reviews,,,2014,
977650,DwarfHeim,1,2.7,No reviews,,,2023,
232050,Eador. Masters of the Broken World,1,0.0,No reviews,,,2021,
345330,Eden Rising,1,22.0,No reviews,,,2020,
235820,Element4l,1,1.6,No reviews,,,2014,
672790,Elemental Combat,1,0.0,No reviews,,,2017,
400110,Else Heart.Break(),1,0.5,No reviews,,,2016,
523780,Emily is Away Too,1,0.2,No reviews,,,2021,
933480,Enderal: Forgotten Stories,1,3.4,No reviews,,,2022,
840260,Endless World Idle RPG,1,1.3,No reviews,,,2022,
1485590,ENDLESS™ Dungeon - Definitive Edition,1,8.1,No reviews,,,2025,
2229650,ENDLESS™ Dungeon - Original Soundtrack,1,0.0,No reviews,,,,
208157,ENDLESS™ Space - Amplitude Badge + GAMES2GETHER Points,1,0.0,No reviews,,,,
208140,ENDLESS™ Space - Definitive Edition,1,0.0,No reviews,,,2024,
241430,ENDLESS™ Space - Disharmony,1,0.0,No reviews,,,,
392110,ENDLESS™ Space 2,1,0.1,No reviews,,,2025,
207570,English Country Tune,1,0.6,No reviews,,,2015,
2051620,Enlisted,1,0.7,No reviews,,,2025,
245280,ENSLAVED™: Odyssey to the West™ Premium Edition,1,1.6,No reviews,,,2019,
265610,Epic Battle Fantasy 4,1,10.7,No reviews,,,2024,
398850,Epistory - Typing Chronicles,1,9.1,No reviews,,,2023,
261700,Eryi's Action,1,1.2,No reviews,,,2013,
365050,Escape,1,0.4,No reviews,,,2015,
2789420,Escape from Ever After: Onboarding,1,0.3,No reviews,,,2024,
255340,Escape Goat 2,1,2.4,No reviews,,,2015,
669290,Espire 1: VR Operative,1,0.0,No reviews,,,2024,
1193040,Eternal Battlefield,1,0.2,No reviews,,,2020,
1049590,Eternal Return,1,186.3,No reviews,,,2025,
812160,Etherborn,1,0.0,No reviews,,,2020,
576500,Evergarden,1,0.0,No reviews,,,2019,
359310,Evoland 2,1,4.6,No reviews,,,2019,
1020470,Evoland Legendary Edition,1,0.0,No reviews,,,2019,
1365940,Eye of the Temple: First Steps,1,0.0,No reviews,,,2021,
2176900,Fablecraft,1,0.0,No reviews,,,2025,
2182750,Fallen Arena,1,0.0,No reviews,,,2022,
38410,Fallout 2,1,0.0,No reviews,,,2024,
22300,Fallout 3,1,13.1,No reviews,,,2024,
22370,Fallout 3 - Game of the Year Edition,1,0.6,No reviews,,,2024,
1151340,Fallout 76,1,14.3,Mostly Positive,72.66,,2025,
1836200,Fallout 76 Public Test Server,1,0.0,Mixed,60.68,,2025,
38420,Fallout Tactics,1,0.0,Mostly Positive,78.89,,2019,
22380,Fallout: New Vegas,1,12.5,No reviews,,,2024,
1717990,Fangs,1,2.9,Mixed,45.66,,2023,20.0
959520,Fantasy Blacksmith,1,11.1,No reviews,,,2024,
1025440,Fantasy General II,1,0.0,No reviews,,,2021,
13520,Far Cry,1,0.0,No reviews,,,2023,
19900,Far Cry 2,1,0.6,No reviews,,,2018,
21960,Far Cry 2: Fortunes Pack,1,0.0,No reviews,,,2010,
220240,Far Cry® 3,1,27.3,No reviews,,,2025,
233270,Far Cry® 3 Blood Dragon,1,61.1,No reviews,,,2025,
1928420,Farlight 84,1,0.0,Mostly Positive,76.97,,2025,50.0
1106750,Fault: Elder Orb,1,1.5,Mixed,59.17,,2022,50.0
224760,FEZ,1,0.2,No reviews,,,2021,
1368870,Field of Glory II: Medieval,1,0.0,No reviews,,,2025,
493540,Figment,1,0.4,No reviews,,,2021,
400510,FINAL TAKE,1,0.0,No reviews,,,2019,
1679290,Fire & Maneuver,1,1.0,Mostly Positive,77.15,,2024,6.0
754890,Firmament,1,0.0,No reviews,,,2025,
319510,Five Nights at Freddy's,1,0.5,No reviews,,,2020,
332800,Five Nights at Freddy's 2,1,0.9,No reviews,,,2018,
605740,Flashing Lights,1,0.0,No reviews,,,2025,7.0
3927260,FlipSum,1,0.0,No reviews,,,2025,0.49
302380,Floating Point,1,0.2,Overwhelmingly Positive,95.68,2014,2024,0.06
490820,Fly O'Clock,1,0.0,No reviews,,,2019,0.2
1269150,Fly Punch Boom: First Impact!,1,1.4,Very Positive,89.95,,2025,0.34
304390,For Honor,1,250.0,Mixed,69.35,,2025,
654310,For Honor - Public Test,1,0.8,No reviews,,,,
1676840,For The King II,1,0.2,Mixed,69.32,,2025,7.0
1433560,For The King: Lost Civilization Adventure Pack,1,0.0,Mixed,51.95,,2021,3.0
751780,Forager,1,93.1,No reviews,,,2020,0.2
249990,FORCED,1,1.4,Mostly Positive,74.06,,2019,5.0
260880,FORCED Original Soundtrack,1,0.0,4 user reviews,100.0,,,0.2
3747140,Fourmiworld,1,0.0,No reviews,,,2025,0.73
2021910,FPS Chess,1,0.3,Very Positive,84.02,2022,2024,1.0
310380,Fractured Space,1,0.9,No reviews,,,2018,
2943650,FragPunk,1,0.3,Mostly Positive,73.42,,2025,60.0
283940,Freddi Fish and the Case of the Missing Kelp Seeds,1,8.7,No reviews,,,2018,0.5
738060,Freddy Fazbear's Pizzeria Simulator,1,0.0,Very Positive,93.82,,2018,1.0
301200,Frederic: Evil Strikes Back,1,0.0,Very Positive,85.48,,2019,2.0
301190,Frederic: Resurrection of Music,1,0.0,Very Positive,86.52,,2019,2.0
453100,Frederic: Resurrection of Music Director's Cut,1,0.0,Very Positive,84.92,,2019,2.0
364640,FreeCell Quest,1,0.6,Mostly Positive,71.14,,2017,
963000,Frog Detective 1: The Haunted Island,1,0.8,Very Positive,92.29,,2025,0.49
1047220,Frog Detective 2: The Case of the Invisible Wizard,1,1.1,Overwhelmingly Positive,95.31,,2025,0.49
490950,Frost,1,1.5,Very Positive,88.16,,2018,0.49
212680,FTL: Faster Than Light,1,211.1,No reviews,,,2020,
12800,FUEL,1,0.3,No reviews,,,2012,
423230,Furi,1,0.2,Very Positive,90.1,,2022,5.0
214150,Galactic Civilizations I: Ultimate Edition,1,0.0,Mixed,48.63,,2025,
202200,Galactic Civilizations II: Ultimate Edition,1,0.0,Mostly Positive,77.01,,2025,2.0
488430,Galaxy in Turmoil,1,0.0,Mostly Negative,39.46,,2020,30.0
239820,Game Dev Tycoon,1,48.7,No reviews,,,2024,
905370,Game Migrated to Another Steam Page,1,2.4,Mostly Positive,74.93,,2024,70.0
3183280,Game of Thrones: Kingsroad,1,0.0,Mixed,62.1,,2025,60.0
342150,Games of Glory,1,0.2,Mixed,56.53,,2017,3.0
362930,Garfield Kart,1,0.0,Very Positive,87.59,,2025,0.24
1341330,Gatewalkers (Alpha),1,0.5,Very Positive,83.65,,2021,3.0
258970,Gauntlet™,1,11.9,Very Positive,81.74,,2015,2.0
1114220,Gedonia,1,1.1,Very Positive,87.77,2022,2025,3.0
2566340,Gedonia 2,1,0.7,Very Positive,81.88,,2025,6.0
80310,Gemini Rue,1,0.2,Very Positive,88.29,,2025,1.5
704270,Generation Zero®,1,1.2,Mostly Positive,71.75,,2025,35.0
1755120,Ghosts of war,1,0.1,Mixed,53.83,,,2.0
223220,Giana Sisters: Twisted Dreams,1,0.2,Mostly Positive,77.7,,2018,3.3
9500,Gish,1,0.2,Mixed,57.61,,2019,
1043260,Gladiator Guild Manager,1,9.1,Very Positive,81.73,,2025,2.0
780290,Gloomhaven,1,7.7,Very Positive,82.92,,2024,14.0
327070,Gloria Victis,1,1.2,Mixed,67.69,,2023,
1150040,Go All Out: Free To Play,1,0.0,Mostly Positive,72.09,,2023,
265930,Goat Simulator,1,1.0,Very Positive,90.81,,2025,2.0
1944710,Goblin Gladiators,1,0.0,Positive,82.35,,2023,
2506900,Gobs and Gods,1,0.8,Very Positive,94.67,,2025,
404790,Godot Engine,1,0.7,Overwhelmingly Positive,95.42,,2025,
3754990,GodsArena Online,1,0.0,Mostly Positive,76.8,,2025,
1368460,Golden Axed: A Cancelled Prototype,1,0.0,Very Positive,82.32,,2020,
571740,Golf It!,1,0.9,Very Positive,90.49,,2024,
1133050,"Good Night, Knight",1,0.8,No reviews,,,2021,
348250,Google Earth VR,1,2.2,Very Positive,94.32,,2018,8.0
1568590,Goose Goose Duck,1,0.0,Very Positive,86.66,2021,2025,1.0
1533390,Gorilla Tag,1,0.0,Very Positive,91.12,,2025,
206210,Gotham City Impostors: Free To Play,1,0.3,No reviews,,,2015,
1496790,Gotham Knights,1,8.3,No reviews,,,2023,
41800,Gratuitous Space Battles,1,0.1,Mostly Positive,71.28,,2020,
1067310,Gravitas,1,0.0,Overwhelmingly Positive,98.0,,2019,8.0
48950,Greed Corp,1,0.5,Very Positive,86.24,,2010,
290790,Grey Goo,1,0.0,Mixed,67.83,,2016,15.0
357180,Grey Goo - Emergence Campaign,1,0.0,Mostly Positive,76.71,,,3.0
341810,Grey Goo - Soundtrack,1,0.0,Very Positive,82.0,,,0.39
44350,GRID 2,1,0.0,Very Positive,84.1,,2013,15.0
219990,Grim Dawn,1,49.4,No reviews,,,2025,
316790,Grim Fandango Remastered,1,0.0,Very Positive,90.63,,2021,5.86
2667430,Grimhook,1,0.4,Overwhelmingly Positive,97.78,,2024,
962130,Grounded,1,3.9,No reviews,,,2025,
214770,Guacamelee! Gold Edition,1,6.7,Very Positive,93.08,,2025,
275390,Guacamelee! Super Turbo Championship Edition,1,0.0,Very Positive,92.58,,2025,
815290,Guards of the Gate,1,0.5,No reviews,,,2019,
1203680,Guiding Light,1,0.0,No reviews,,,2020,
1284210,Guild Wars 2,1,11.0,No reviews,,,2025,
241720,Guncraft,1,0.0,Mixed,49.45,,2014,
1816670,GUNDAM EVOLUTION,1,4.9,No reviews,,,2023,
1217060,Gunfire Reborn,1,0.8,No reviews,,,2025,
371510,Gunnheim,1,0.8,No reviews,,,2016,
206190,Gunpoint,1,4.9,Overwhelmingly Positive,97.54,,2014,
293540,Guns and Robots,1,0.1,No reviews,,,2017,
446150,GUNS UP!,1,0.4,No reviews,,,2018,
716260,Guns'n'Stories: Preface VR,1,0.0,Very Positive,81.85,,2018,
418360,Gurgamoth,1,0.0,No reviews,,,2019,
537340,Guts and Glory,1,0.6,No reviews,,,2018,
207430,"Hack, Slash, Loot",1,0.0,No reviews,,,2020,
365450,Hacknet,1,0.9,No reviews,,,2022,
521840,Hacknet - Labyrinths,1,0.0,No reviews,,,2018,
651660,Halcyon 6: Lightspeed Edition,1,0.7,No reviews,,,2017,
371200,Halcyon 6: Starbase Commander (CLASSIC),1,0.0,No reviews,,,2017,
214830,Half Minute Hero: Super Mega Neo Climax Ultimate Boy,1,1.0,No reviews,,,2012,
240970,Half Minute Hero: The Second Coming,1,0.0,No reviews,,,2014,
70,Half-Life,1,0.0,No reviews,,,2025,
220,Half-Life 2,1,11.1,No reviews,,,2025,
320,Half-Life 2: Deathmatch,1,0.0,No reviews,,,2025,
658920,Half-Life 2: VR Mod,1,0.4,No reviews,,,2024,
360,Half-Life Deathmatch: Source,1,0.0,No reviews,,,2025,
546560,Half-Life: Alyx,1,13.8,No reviews,,,2024,
280,Half-Life: Source,1,9.9,No reviews,,,2013,
1240440,Halo Infinite,1,41.9,Mixed,69.56,2021,2025,50.0
976730,Halo: The Master Chief Collection,1,15.6,No reviews,,,2025,
485230,HALP!,1,0.2,No reviews,,,,
222160,"Hamlet or the last game without MMORPG features, shaders and product placement",1,0.5,No reviews,,,2017,
41100,Hammerfight,1,0.1,No reviews,,,2019,
239070,Hammerwatch,1,7.8,No reviews,,,2018,
266510,Hand of Fate,1,7.3,No reviews,,,2017,
456670,Hand of Fate 2,1,3.6,No reviews,,,2019,
246280,Happy Wars,1,2.1,No reviews,,,2017,
1161580,Hardspace: Shipbreaker,1,1.7,Very Positive,89.4,2022,2025,4.0
1955960,HAWKED,1,0.0,No reviews,,,2024,
340000,Headlander,1,9.3,No reviews,,,2019,
567380,Heartbound,1,2.5,No reviews,,,2025,
2180600,Heartwood Online,1,0.0,Mixed,69.68,2023,2024,4.0
94600,Hector: Ep 1,1,0.7,No reviews,,,2011,
94610,Hector: Ep 2,1,0.0,No reviews,,,,
94620,Hector: Ep 3,1,0.0,No reviews,,,2019,
686810,Hell Let Loose,1,0.3,No reviews,,,2025,
939520,HELLGATE: London,1,0.0,No reviews,,,2018,
1243140,Hellpoint: The Thespian Feast,1,0.0,No reviews,,,2020,
1289310,Helltaker,1,3.6,No reviews,,,2021,
346560,Hero of the Kingdom II,1,6.8,No reviews,,,2025,
772430,Hero of the Kingdom III,1,4.7,No reviews,,,2025,
269210,Hero Siege,1,1.7,No reviews,,,2025,
2349820,Hero's Land,1,0.1,No reviews,,,2025,
227940,Heroes & Generals,1,0.3,No reviews,,,2023,
677120,Heroes of Hammerwatch,1,0.5,No reviews,,,2024,
1015030,Heroes of Hammerwatch: Pyramid of Prophecy,1,0.0,No reviews,,,,
1086870,Heroes of Hammerwatch: Witch Hunter,1,0.0,No reviews,,,,
319570,Heroes of SoulCraft,1,0.0,No reviews,,,,
1463920,hexceed,1,3.2,No reviews,,,2025,
931690,Himno,1,0.0,No reviews,,,2022,
236870,HITMAN™,1,10.0,No reviews,,,2019,
863550,HITMAN™ 2,1,39.7,No reviews,,,2019,
623940,HIVESWAP: ACT 1,1,0.0,No reviews,,,2019,
55100,Homefront,1,0.0,No reviews,,,2012,
244160,Homeworld Remastered Collection,1,0.0,No reviews,,,2023,
927350,Hood: Outlaws & Legends,1,1.5,No reviews,,,2022,
1298740,Hopebringers,1,0.0,No reviews,,,,
1122960,Horizon Beyond,1,0.0,No reviews,,,,
1571270,Horns of Justice Playtest,1,0.1,No reviews,,,2021,
219150,Hotline Miami,1,3.8,No reviews,,,2019,
609920,Hotshot Racing,1,0.0,No reviews,,,2024,
360170,How to Survive 2,1,0.6,No reviews,,,2018,
383270,Hue,1,0.3,No reviews,,,2023,
477160,Human Fall Flat,1,13.7,No reviews,,,2025,
2937090,Hunters Inc,1,0.3,No reviews,,,2025,
393420,Hurtworld,1,0.0,No reviews,,,2023,
453340,Hustle Cat,1,0.0,No reviews,,,2016,
523660,HYPERCHARGE: Unboxed,1,0.9,No reviews,,,2023,
95400,ibb & obb,1,2.6,No reviews,,,2016,
1768120,Idle Champions - Bardic Inspiration Vol 1.5,1,0.0,No reviews,,,,
627690,Idle Champions of the Forgotten Realms,1,1.8,No reviews,,,2025,
2103530,Idle Clans,1,0.5,No reviews,,,2025,
1353300,Idle Slayer,1,64.4,No reviews,,,2024,
248710,Iesabel,1,0.0,No reviews,,,2019,
2289970,In Sink: A Co-Op Escape Prologue,1,1.0,No reviews,,,2024,
564330,In Your Face TD,1,0.4,No reviews,,,2017,
207080,Indie Game: The Movie,1,0.0,No reviews,,,2014,
421170,Indivisible,1,0.0,No reviews,,,2020,
204530,Infested Planet,1,0.2,No reviews,,,2018,
345520,Infinite Crisis™,1,1.8,No reviews,,,2015,
937310,Infinitode 2,1,0.3,No reviews,,,2024,
257730,Infinity Wars - Animated Trading Card Game,1,2.4,No reviews,,,2025,
205730,Insanely Twisted Shadow Planet,1,2.2,No reviews,,,2021,
3320,Insaniquarium! Deluxe,1,5.0,No reviews,,,2017,
1092790,Inscryption,1,17.8,No reviews,,,2022,
222880,Insurgency,1,0.2,No reviews,,,2019,
1486630,Intravenous,1,0.0,No reviews,,,2024,
214970,Intrusion 2,1,1.1,No reviews,,,2015,
807120,Iratus: Lord of the Dead,1,3.2,No reviews,,,2021,
1127610,Iris and the giant,1,0.0,No reviews,,,2023,
1371480,Iron Conflict,1,0.5,No reviews,,,2022,
424280,Iron Snout,1,0.0,No reviews,,,2020,
715220,Ironsight,1,0.0,No reviews,,,2019,
1467410,Isekai Eternal,1,0.0,No reviews,,,2021,
1210250,Island Saver,1,0.0,No reviews,,,2020,
1389260,Isles of Limbo,1,0.0,No reviews,,,2021,
1132910,Itorah,1,0.0,No reviews,,,2022,
241320,Ittle Dew,1,2.0,No reviews,,,2015,
220900,Jack Lumber,1,1.2,No reviews,,,2015,
446020,Jalopy,1,0.3,No reviews,,,2019,
94200,Jamestown,1,0.0,No reviews,,,2019,
448280,Job Simulator,1,2.0,No reviews,,,2020,
242110,Joe Danger 2: The Movie,1,0.0,No reviews,,,2013,
973810,Journey To The Savage Planet,1,1.3,No reviews,,,2021,
225540,Just Cause 3,1,0.0,No reviews,,,2017,
544810,KARDS - The WWII Card Game,1,0.0,No reviews,,,2025,
341800,Keep Talking and Nobody Explodes,1,3.6,No reviews,,,2020,
220200,Kerbal Space Program,1,44.2,No reviews,,,2023,
467380,Khimera: Destroy All Monster Girls,1,0.1,No reviews,,,2022,
241760,Kill to Collect,1,1.0,No reviews,,,2016,
261110,Killer is Dead,1,0.0,No reviews,,,2019,
910490,Killsquad,1,1.1,No reviews,,,2023,
1053060,KillStreak.tv,1,0.3,No reviews,,,2019,
603460,King and Assassins,1,0.0,No reviews,,,2018,
2279730,King Arthur: Legends Rise,1,0.0,No reviews,,,2025,
1273710,King of Crabs,1,0.0,No reviews,,,2023,
1033700,Kingdom Of Rhea,1,0.2,No reviews,,,2021,
701160,Kingdom Two Crowns,1,0.0,No reviews,,,2025,
496300,Kingdom: New Lands,1,2.2,No reviews,,,2023,
760200,Kingdom: New Lands - Skull Island,1,0.0,No reviews,,,,
1307890,Kingdoms Reborn,1,5.8,No reviews,,,2025,
389430,Knight Online,1,0.0,No reviews,,,2025,
3086850,KnightLight,1,0.0,No reviews,,,2024,
2485760,Knights Crypt Playtest,1,0.0,No reviews,,,2025,
1799950,Kolhii ChampionsAU,1,0.0,No reviews,,,2022,
2088180,Kritika Global,1,0.0,No reviews,,,2022,
439350,Kritika:REBOOT,1,0.2,No reviews,,,2021,
1324560,Krum - Battle Arena,1,0.0,No reviews,,,2020,
844870,KurtzPel,1,46.7,No reviews,,,2025,
110800,L.A. Noire,1,18.2,No reviews,,,2021,
361990,Lakeview Cabin Collection,1,0.4,No reviews,,,2023,
2057000,Language Lab,1,0.0,No reviews,,,,
289690,Lara Croft and the Temple of Osiris,1,0.4,No reviews,,,2020,
452920,Laser Disco Defenders,1,0.3,No reviews,,,2016,
899770,Last Epoch,1,7.8,No reviews,,,2025,
506540,Last Man Standing,1,0.4,No reviews,,,2017,
2318480,Last Train Outta' Wormtown,1,1.7,Very Positive,94.88,2025,2025,0.78
500,Left 4 Dead,1,11.1,No reviews,,,2025,
224940,Legacy of Kain: Soul Reaver 2 (2001),1,0.0,No reviews,,,2024,
2521380,Legacy of Kain™ Soul Reaver 1&2 Remastered,1,0.0,No reviews,,,2025,
2890530,Legacy: Steel & Sorcery Playtest,1,0.0,No reviews,,,2025,
207170,Legend of Grimrock,1,38.9,No reviews,,,2015,
251730,Legend of Grimrock 2,1,19.6,No reviews,,,2015,
469980,Legend of Miro,1,0.0,No reviews,,,2023,
3214120,Legends of Elysium,1,0.0,No reviews,,,2025,
469600,Legion TD 2,1,1.8,No reviews,,,2025,
2162190,Legion TD 2 - Desert Ridge Campaign,1,0.0,No reviews,,,,
313690,LEGO® Batman™ 3: Beyond Gotham,1,14.6,No reviews,,,2025,
21000,LEGO® Batman™: The Videogame,1,26.7,No reviews,,,2025,
405310,LEGO® MARVEL's Avengers,1,0.0,No reviews,,,2020,
311770,LEGO® Pirates of the Caribbean The Video Game,1,0.0,No reviews,,,,
794600,LET IT DIE,1,0.5,No reviews,,,2025,
363060,Let's Explore The Farm (Junior Field Trips),1,42.0,Very Positive,95.08,2015,2019,0.1
261180,Lethal League,1,0.3,No reviews,,,2016,
600120,Life Forge - Reborn ORPG,1,0.0,Mixed,68.54,2018,2020,2.0
250050,Life Goes On,1,0.5,No reviews,,,2018,
290080,Life is Feudal: Your Own,1,0.0,No reviews,,,2023,
319630,Life is Strange™,1,2.5,No reviews,,,2018,
1766160,Line Strike,1,0.0,No reviews,,,2022,
725340,Lines X Free,1,0.8,Very Positive,93.35,2017,2018,
221260,Little Inferno,1,7.3,No reviews,,,2022,
424840,Little Nightmares,1,0.0,No reviews,,,2021,
652980,Loading Screen Simulator,1,0.3,Very Positive,86.75,2017,2019,0.15
1931980,Local Paper Small Town,1,0.0,No reviews,,,,
490250,Locomancer,1,0.0,No reviews,,,2024,
209830,Lone Survivor: The Director's Cut,1,1.2,No reviews,,,2013,
443880,Loot Rascals,1,12.6,No reviews,,,2020,
583670,Loot Rascals Soundtrack,1,0.0,No reviews,,,,
447780,LostWinds,1,0.3,No reviews,,,2017,
926520,Love Letter,1,0.0,No reviews,,,2019,
298600,Lovely Planet,1,0.0,No reviews,,,2024,
205830,Luxor Evolved,1,2.5,No reviews,,,2012,
212200,Mabinogi,1,0.1,No reviews,,,2025,
40700,Machinarium,1,2.4,No reviews,,,2025,
1840660,Mad Adventures,1,0.1,No reviews,,,2022,
341000,Mad Games Tycoon,1,0.0,No reviews,,,2017,
771580,Mad World MMO,1,0.0,No reviews,,,2024,
764050,Maelstrom,1,0.0,No reviews,,,2024,
316010,Magic Duels,1,0.1,No reviews,,,2017,
2141910,Magic: The Gathering Arena,1,5.0,No reviews,,,2025,
656970,MagiCat,1,0.0,No reviews,,,2024,
42910,Magicka,1,0.3,No reviews,,,2018,
539270,Mahjong,1,0.7,Very Positive,83.46,2017,,0.45
503480,Mahluk:Dark demon,1,0.2,No reviews,,,2021,
1409020,Mana Maker,1,0.5,No reviews,,,,
461560,Mandagon,1,0.0,No reviews,,,2019,
63630,Manhole,1,0.0,No reviews,,,2012,
478980,Mansions of Madness,1,0.0,No reviews,,,2025,
504130,Manual Samuel - Last Tuesday Edition,1,0.7,No reviews,,,2025,
2767030,Marvel Rivals,1,9.4,No reviews,,,2025,
3823680,Maze,1,0.0,No reviews,,,2025,
486310,Meadow,1,0.0,No reviews,,,2024,
2452280,Mecha BREAK,1,2.3,No reviews,,,2025,
342200,MechWarrior Online,1,0.4,No reviews,,,2024,
1585220,Melatonin,1,2.4,Very Positive,94.95,2022,2024,2.0
244450,Men of War: Assault Squad 2,1,0.5,No reviews,,,2024,
235460,METAL GEAR RISING: REVENGEANCE,1,2.5,No reviews,,,2014,
43110,Metro 2033,1,1.2,No reviews,,,2020,
1986780,MetälBörn,1,0.0,No reviews,,,2022,
241930,Middle-earth™: Shadow of Mordor™,1,46.3,Very Positive,92.45,2014,2021,57.0
356190,Middle-earth™: Shadow of War™,1,0.0,Very Positive,88.73,2017,2018,
314710,Mighty No. 9,1,0.0,No reviews,,,2025,
294230,Millie,1,0.0,No reviews,,,2014,
432620,Mimic Arena,1,0.0,No reviews,,,2016,
1127400,Mindustry,1,5.0,No reviews,,,2025,
2373440,Miners Settlement,1,0.0,No reviews,,,2025,
287980,Mini Metro,1,1.2,No reviews,,,2024,
914700,MINImax Tinyverse,1,1.8,No reviews,,,2021,
940910,Minoria,1,0.0,No reviews,,,2020,
368420,Mirage: Arcane Warfare,1,0.0,No reviews,,,2017,
3321660,Mistfall Hunter Playtest,1,0.0,No reviews,,,,
496920,Moirai,1,0.2,No reviews,,,2017,
113020,Monaco,1,0.2,No reviews,,,2025,
1446780,MONSTER HUNTER RISE,1,47.5,No reviews,,,2024,
1412570,Monster Hunter Stories 2: Wings of Ruin Trial Version,1,0.1,No reviews,,,,
2246340,Monster Hunter Wilds,1,12.8,No reviews,,,2025,
582010,Monster Hunter: World,1,218.8,No reviews,,,2025,
496620,Monster Slayers,1,20.5,No reviews,,,2022,
3814210,Monsters are Coming! Rock & Road Demo,1,0.2,Very Positive,93.99,,,
39000,Moonbase Alpha,1,0.3,No reviews,,,2010,
2102010,Moonbreaker Playtest,1,1.2,No reviews,,,2022,
1857970,Moonrakers: Luminor,1,0.0,No reviews,,,2024,
870390,Moonshine Maniacs - A Wild West Saga,1,0.0,No reviews,,,2025,
629760,MORDHAU,1,2.9,No reviews,,,2024,
287920,Mortal Online,1,0.0,No reviews,,,2019,
1170950,Mortal Online 2,1,10.6,No reviews,,,2025,
846470,Moss,1,4.8,No reviews,,,2023,
48700,Mount & Blade: Warband,1,7.0,No reviews,,,2024,
321300,Mount & Blade: Warband - Viking Conquest Reforged Edition,1,0.0,No reviews,,,,
313340,Mountain,1,0.0,No reviews,,,2018,
996770,Moving Out,1,2.2,No reviews,,,2021,
489140,Mr Shifty,1,0.8,No reviews,,,2017,
1340530,Mr. Prepper: Prologue,1,0.8,No reviews,,,2025,
1397920,Mr.Mine,1,0.0,No reviews,,,2025,
1708090,Multiplayer High-Res Textures,1,0.0,1 user reviews,100.0,,,
274900,Murder Miners,1,0.3,Very Positive,86.26,2014,2025,0.24
638070,Murderous Pursuits,1,2.7,No reviews,,,2018,
321990,Music from Dreaming Sarah,1,0.0,No reviews,,,,
247370,Mutant Mudds Deluxe,1,0.5,No reviews,,,2013,
925930,Myst III: Exile,1,0.0,No reviews,,,2025,
925940,Myst IV: Revelation,1,0.0,No reviews,,,2025,
208110,Myst V,1,0.0,No reviews,,,2025,
63660,Myst: Masterpiece Edition,1,0.3,No reviews,,,2025,
363860,MythForce,1,0.6,No reviews,,,2025,
1203220,NARAKA: BLADEPOINT,1,2.0,No reviews,,,2025,
4920,Natural Selection 2,1,0.0,No reviews,,,2022,
1169040,Necesse,1,0.8,No reviews,,,2025,
1222370,Necromunda: Hired Gun,1,0.7,No reviews,,,2022,
1533420,Neon White,1,14.7,No reviews,,,2022,
295790,Never Alone (Kisima Ingitchuna),1,0.0,No reviews,,,2025,
351740,Never Alone: Original Soundtrack,1,0.0,No reviews,,,,
711810,Never Split the Party,1,0.3,No reviews,,,2025,
1104640,New Frontier,1,0.0,No reviews,,,2020,
1147690,NGU IDLE,1,3.4,No reviews,,,2021,
2393160,Nice Day for Fishing,1,0.0,No reviews,,,2025,
3473650,Nice Day for Fishing - Legendary DLC,1,0.0,No reviews,,,,
440650,Niche - a genetics survival game,1,2.0,No reviews,,,2022,
446910,Night Blights,1,0.6,No reviews,,,2016,
99700,NightSky,1,0.1,No reviews,,,2015,
252670,Nihilumbra,1,3.1,No reviews,,,2015,
11370,Nikopol: Secrets of the Immortals,1,8.1,No reviews,,,2021,
1275350,Ninja Kiwi Archive,1,2.5,No reviews,,,2021,
224260,No More Room in Hell,1,0.0,No reviews,,,2025,
368730,No Time To Explain Remastered,1,0.0,No reviews,,,2015,
829660,No Time to Relax,1,3.2,No reviews,,,2025,
881100,Noita,1,37.5,Overwhelmingly Positive,95.23,2020,2025,2.44
207530,Noitu Love 2 Devolution,1,1.9,No reviews,,,2012,
1503790,Nordicandia,1,0.0,No reviews,,,2025,
200110,Nosgoth,1,75.1,No reviews,,,2016,
550470,NosTale,1,0.0,No reviews,,,2025,
733790,Not Tonight,1,0.9,No reviews,,,2020,
468700,NVIDIA® VR Funhouse,1,0.3,No reviews,,,2017,
415420,Nyan Cat: Lost In Space,1,0.0,No reviews,,,2016,
15700,Oddworld: Abe's Oddysee,1,0.0,No reviews,,,2011,
314660,Oddworld: New 'n' Tasty,1,0.0,No reviews,,,2016,
622170,Offensive Combat: Redux!,1,0.0,No reviews,,,2018,
649730,OfficeBotsVR,1,0.3,No reviews,,,2018,
211360,Offspring Fling!,1,1.6,No reviews,,,2012,
200390,Oil Rush,1,0.2,No reviews,,,2022,
1343370,Old School RuneScape,1,0.2,No reviews,,,2025,
1869590,Omega Strikers,1,0.1,No reviews,,,2025,
2139460,Once Human,1,0.0,No reviews,,,2025,
960690,One Step From Eden,1,0.7,No reviews,,,2023,
1634870,Open Brush,1,0.0,No reviews,,,2024,
102600,Orcs Must Die!,1,0.0,No reviews,,,2025,
1522820,Orcs Must Die! 3,1,6.3,No reviews,,,2024,
427270,Orcs Must Die! Unchained,1,84.4,No reviews,,,2018,
104900,ORION: Prelude,1,0.5,No reviews,,,2025,
491950,Orwell,1,3.3,No reviews,,,2024,
29180,Osmos,1,0.4,No reviews,,,2019,
1097300,Ostrofa,1,0.4,No reviews,,,2020,
327090,Out of Reach,1,0.2,No reviews,,,2020,
1275670,Outcore,1,0.0,No reviews,,,2025,
305050,Outland,1,0.0,No reviews,,,2015,
1244560,Outward Soundtrack,1,0.0,No reviews,,,,
448510,Overcooked,1,4.0,No reviews,,,2022,
728880,Overcooked! 2,1,0.0,No reviews,,,2023,
909720,Overcooked! 2 - Surf 'n' Turf,1,0.0,No reviews,,,,
858240,Overcooked! 2 - Too Many Cooks Pack,1,0.0,No reviews,,,,
919370,Overdungeon,1,1.6,No reviews,,,2023,
11450,Overlord,1,5.0,No reviews,,,2016,
12810,Overlord II,1,0.0,No reviews,,,2016,
12710,Overlord: Raising Hell,1,21.0,No reviews,,,2016,
2357570,Overwatch® 2,1,0.0,No reviews,,,2025,
115800,Owlboy,1,0.6,No reviews,,,2023,
455400,PAC-MAN 256,1,0.4,No reviews,,,2017,
384550,Painters Guild,1,0.0,No reviews,,,2015,
283960,Pajama Sam in No Need to Hide When It's Dark Outside,1,26.5,No reviews,,,2019,
3365820,Palette Cleanser,1,0.0,No reviews,,,2025,
2707930,Palia,1,2.1,No reviews,,,2025,
939510,Pandemic Express - Zombie Escape,1,0.0,No reviews,,,2019,
622440,Pandemic: The Board Game,1,0.0,No reviews,,,2022,
240320,Panzar,1,6.7,No reviews,,,2018,
239030,"Papers, Please",1,6.0,No reviews,,,2023,
227080,Papo & Yo,1,0.5,No reviews,,,2016,
1531430,Paragon: The Overprime,1,0.3,No reviews,,,2024,
250580,Paranautical Activity: Deluxe Atonement Edition,1,0.0,No reviews,,,2015,
591460,Parkasaurus,1,4.2,No reviews,,,2025,
437900,Party Jousting,1,1.1,Very Positive,91.88,2016,2025,0.24
2009470,Party Pie,1,0.5,No reviews,,,2022,
528250,Patchwork,1,0.8,No reviews,,,2023,
2694490,Path of Exile 2,1,29.0,No reviews,,,2025,
1181400,Path of Giants,1,0.8,No reviews,,,2021,
505230,Pathologic 2,1,1.3,No reviews,,,2025,
218620,PAYDAY 2,1,246.2,No reviews,,,2024,
24240,PAYDAY: The Heist,1,2.6,No reviews,,,2014,
621060,PC Building Simulator,1,1.2,No reviews,,,2023,
501990,Phantasmagoria,1,0.0,No reviews,,,,
501970,Phantasmagoria 2,1,0.0,No reviews,,,,
1056640,Phantasy Star Online 2 New Genesis,1,0.2,No reviews,,,2025,
3835880,Phantom Feline,1,0.0,No reviews,,,2025,
218740,Pid,1,0.5,No reviews,,,2021,
2965660,PILGRIM,1,0.7,Mostly Positive,76.09,2024,2025,2.0
2328760,Pinball FX,1,0.0,No reviews,,,2025,
409670,Pink Hour,1,0.0,No reviews,,,2019,
1681160,Piratopia,1,1.2,No reviews,,,2023,
1079800,Pistol Whip,1,16.7,No reviews,,,2024,
105800,PixelJunk™ Eden,1,0.0,No reviews,,,2012,
49900,Plain Sight,1,0.3,No reviews,,,2011,
493340,Planet Coaster,1,0.0,Very Positive,91.42,2016,2025,15.0
386070,Planetary Annihilation: TITANS,1,1.3,No reviews,,,2025,
421040,Plantera,1,1.0,No reviews,,,2022,
1599600,PlateUp!,1,29.1,No reviews,,,2024,
389980,Pluto,1,0.5,No reviews,,,2018,
31280,Poker Night at the Inventory,1,0.2,No reviews,,,2010,
494740,Police Quest Collection,1,0.0,No reviews,,,2016,
1986760,Police Stories: The Academy,1,0.0,No reviews,,,2025,
367450,Poly Bridge,1,2.3,No reviews,,,2020,
405640,Pony Island,1,4.0,No reviews,,,2024,
400,Portal,1,0.0,No reviews,,,2025,
374040,Portal Knights,1,9.3,No reviews,,,2020,
1255980,Portal Reloaded,1,0.6,No reviews,,,2023,
317400,Portal Stories: Mel,1,1.5,No reviews,,,2021,
328500,Potatoman Seeks the Troof,1,0.2,No reviews,,,2020,
1210320,Potion Craft: Alchemist Simulator,1,0.2,Very Positive,92.57,2022,2025,2.0
788420,Potion Explosion,1,1.0,No reviews,,,2023,
1874490,Potionomics,1,82.8,No reviews,,,2024,
810500,PowerBeatsVR,1,0.0,No reviews,,,2025,
961200,Predecessor,1,0.8,No reviews,,,2025,
224220,Pressure,1,0.0,No reviews,,,2016,
3576060,Project Origin,1,0.0,No reviews,,,2025,
1961460,Project Playtime,1,0.0,Mostly Positive,78.18,2022,2023,20.0
1487770,Propagation VR - Co-op,1,0.0,No reviews,,,,
219680,Proteus,1,0.0,No reviews,,,2022,
115320,PROTOTYPE 2,1,0.0,No reviews,,,2014,
2365810,Pseudoregalia,1,6.2,No reviews,,,2024,
880940,Pummel Party,1,0.0,No reviews,,,2024,
394310,Punch Club,1,0.7,No reviews,,,2017,
2130590,PUNCH FIT,1,0.2,No reviews,,,2024,
921520,Puppy Chef Academy,1,0.0,No reviews,,,2020,
294660,Putt-Putt Saves The Zoo,1,39.3,No reviews,,,2018,
31270,Puzzle Agent,1,0.5,No reviews,,,2010,
94590,Puzzle Agent 2,1,0.0,No reviews,,,2011,
80300,Puzzle Bots,1,0.3,No reviews,,,2011,
203730,Q.U.B.E.,1,0.0,No reviews,,,2023,
239430,Q.U.B.E: Director's Cut,1,1.0,No reviews,,,2024,
304460,Qora,1,0.0,No reviews,,,2022,
743650,Quake Champions PTS,1,0.0,No reviews,,,,
497820,Quanero,1,0.0,No reviews,,,2016,
773630,Quanero 2 - System Release,1,0.0,No reviews,,,2018,
474960,Quantum Break,1,0.9,No reviews,,,2019,
351510,Quiplash,1,0.0,No reviews,,,2024,
616700,Rage of Car Force: Car Crashing Games,1,0.4,No reviews,,,,
1345820,Ragnarock,1,0.7,No reviews,,,2025,
1255520,RaidLand,1,0.0,No reviews,,,2020,
312520,Rain World,1,0.0,No reviews,,,2025,
1218740,Rakion Chaos Force,1,0.2,No reviews,,,2025,
559210,Rakuen,1,0.0,No reviews,,,2023,
314410,Rampage Knights,1,1.2,No reviews,,,2024,
1119730,Ranch Simulator,1,1.2,No reviews,,,2025,
200210,Realm of the Mad God Exalt,1,0.2,No reviews,,,2025,
878760,Realm Royale - Test Server,1,0.0,No reviews,,,,
813820,Realm Royale Reforged,1,8.5,No reviews,,,2024,
237550,Realms of Arkania: Blade of Destiny,1,0.0,No reviews,,,2015,
244430,realMyst: Masterpiece Edition,1,0.0,No reviews,,,2025,
55110,Red Faction: Armageddon,1,0.0,No reviews,,,2018,
1288170,Red Planet Farming,1,0.0,No reviews,,,2020,
406150,Refunct,1,0.4,No reviews,,,2020,
680360,Regions Of Ruin,1,1.7,No reviews,,,2021,
617290,Remnant: From the Ashes,1,22.3,No reviews,,,2023,
21690,Resident Evil 5,1,0.0,No reviews,,,2023,
603800,ReThink,1,1.8,No reviews,,,2018,
222730,Reus,1,1.5,No reviews,,,2025,
3103980,RevenBlade Playtest,1,0.0,No reviews,,,2025,
93200,Revenge of the Titans,1,1.9,No reviews,,,2019,
900270,Reventure,1,2.5,No reviews,,,2022,
442080,Riders of Icarus,1,0.8,No reviews,,,2025,
39120,RIFT,1,0.2,No reviews,,,2025,
294100,RimWorld,1,6.9,No reviews,,,2025,
1337520,Risk of Rain Returns,1,2.1,No reviews,,,2025,
439910,Risky Rescue,1,0.0,No reviews,,,2019,
63610,Riven (1997),1,0.0,No reviews,,,2025,
425410,Road to Ballhalla,1,0.0,No reviews,,,2024,
529260,Robot Incursion,1,0.0,No reviews,,,2020,
107800,Rochard,1,5.7,No reviews,,,2013,
205190,Rocksmith,1,1.2,No reviews,,,2021,
221680,Rocksmith® 2014 Edition - Remastered,1,14.2,No reviews,,,2024,
872200,Rogue Company,1,0.8,No reviews,,,2024,
787810,Rogue Heroes: Ruins of Tasos,1,1.9,No reviews,,,2022,
1253920,Rogue Legacy 2,1,41.0,No reviews,,,2023,
1585910,Roll,1,18.1,Very Positive,92.21,2021,2025,0.68
461010,Roll'd,1,0.0,No reviews,,,2019,
285310,RollerCoaster Tycoon: Deluxe,1,14.9,No reviews,,,2014,
262470,Rollers of the Realm,1,0.6,No reviews,,,2022,
1557740,ROUNDS,1,0.0,No reviews,,,2024,
1094710,Royal Crown,1,0.0,No reviews,,,2022,
372800,RPG MO,1,0.2,Mostly Positive,78.79,2015,2025,0.24
645230,RUCKBALL,1,0.0,No reviews,,,2019,
457130,Runes: The Forgotten Path,1,0.0,No reviews,,,2019,
1343400,RuneScape,1,0.3,No reviews,,,2025,
1655660,Runeverse: Sea Brawls,1,0.0,No reviews,,,2022,
440550,RunGunJumpGun,1,0.0,No reviews,,,2016,
766570,Russian Fishing 4,1,0.0,No reviews,,,2025,
252490,Rust,1,0.6,No reviews,,,2025,
700580,Rust - Staging Branch,1,0.0,No reviews,,,,
757310,Sable,1,0.0,No reviews,,,2022,
9480,Saints Row 2,1,0.0,No reviews,,,2021,
242590,Saints Row IV Inauguration Station,1,0.4,No reviews,,,2013,
301910,Saints Row: Gat out of Hell,1,0.0,No reviews,,,2015,
555880,Sairento VR,1,1.7,No reviews,,,2023,
978270,Sam & Dan: Floaty Flatmates,1,0.0,No reviews,,,2019,
8200,Sam & Max 101: Culture Shock,1,0.0,No reviews,,,,
8210,Sam & Max 102: Situation: Comedy,1,0.0,No reviews,,,,
8220,"Sam & Max 103: The Mole, the Mob and the Meatball",1,0.0,No reviews,,,,
8230,Sam & Max 104: Abe Lincoln Must Die!,1,0.0,No reviews,,,,
8240,Sam & Max 105: Reality 2.0,1,0.0,No reviews,,,,
8250,Sam & Max 106: Bright Side of the Moon,1,0.0,No reviews,,,,
8260,Sam & Max 201: Ice Station Santa,1,0.0,No reviews,,,2021,
8270,Sam & Max 202: Moai Better Blues,1,0.0,No reviews,,,,
8280,Sam & Max 203: Night of the Raving Dead,1,0.0,No reviews,,,,
8290,Sam & Max 204: Chariots of the Dogs,1,0.0,No reviews,,,,
8300,Sam & Max 205: What's New Beelzebub?,1,0.0,No reviews,,,,
31220,Sam & Max 301: The Penal Zone,1,1.6,No reviews,,,2011,
31230,Sam & Max 302: The Tomb of Sammun-Mak,1,0.0,No reviews,,,,
31240,Sam & Max 303: They Stole Max's Brain!,1,0.0,No reviews,,,,
31250,Sam & Max 304: Beyond the Alley of the Dolls,1,0.0,No reviews,,,,
31260,Sam & Max 305: The City that Dares not Sleep,1,0.0,No reviews,,,,
210770,Sanctum 2,1,0.2,No reviews,,,2015,
1255230,Saranity,1,0.0,No reviews,,,2020,
526870,Satisfactory,1,10.9,No reviews,,,2025,
475190,Scanner Sombre,1,2.5,No reviews,,,2024,
1183940,Scavengers,1,1.7,No reviews,,,2022,
1037020,ScourgeBringer,1,0.0,No reviews,,,2021,
1304510,SCP: Nine-Tailed Fox,1,0.0,No reviews,,,2024,
700330,SCP: Secret Laboratory,1,0.0,No reviews,,,2025,
465760,Scrap Garden,1,0.0,No reviews,,,2021,
366320,Seasons after Fall,1,0.7,No reviews,,,2016,
1024380,Second Extinction™,1,1.8,No reviews,,,2023,50.0
3452270,Secret Paws - Cozy Offices,1,0.0,No reviews,,,2025,
215280,Secret World Legends,1,3.8,No reviews,,,2020,6.4
522210,Serial Cleaner,1,0.4,No reviews,,,2025,
41070,Serious Sam 3: BFE,1,0.0,No reviews,,,2019,
564310,Serious Sam Fusion 2017 (beta),1,0.0,No reviews,,,2024,
1824830,Setr's Auto Battler,1,0.0,No reviews,,,2022,0.05
1881340,Shadow Burglar,1,0.3,No reviews,,,2022,
750920,Shadow of the Tomb Raider,1,12.5,No reviews,,,2023,
849261,Shadow of the Tomb Raider - Croft Edition Extras,1,0.0,No reviews,,,,
849260,Shadow of the Tomb Raider - Deluxe Extras,1,0.0,No reviews,,,,
849302,Shadow of the Tomb Raider - Fear Incarnate Gear,1,0.0,No reviews,,,,
849305,Shadow of the Tomb Raider - Force of Chaos Gear,1,0.0,No reviews,,,,
849301,Shadow of the Tomb Raider - Golden Eagle Gear,1,0.0,No reviews,,,,
849304,Shadow of the Tomb Raider - Myth Hunter Gear,1,0.0,No reviews,,,,
849262,Shadow of the Tomb Raider - Season Pass,1,0.0,No reviews,,,,
849187,Shadow of the Tomb Raider - The Forge Content,1,0.0,No reviews,,,,
849311,Shadow of the Tomb Raider - The Grand Caiman,1,0.0,No reviews,,,,
849308,Shadow of the Tomb Raider - The Nightmare,1,0.0,No reviews,,,,
849307,Shadow of the Tomb Raider - The Pillar,1,0.0,No reviews,,,,
849310,Shadow of the Tomb Raider - The Serpent's Heart,1,0.0,No reviews,,,,
418240,Shadow Tactics: Blades of the Shogun,1,0.0,No reviews,,,2018,
233130,Shadow Warrior,1,0.7,No reviews,,,2017,
234650,Shadowrun Returns,1,0.0,No reviews,,,2015,
6120,Shank,1,0.0,No reviews,,,2012,
102840,Shank 2,1,0.1,No reviews,,,2012,
345820,Shantae and the Pirate's Curse,1,0.9,No reviews,,,2018,
1625400,shapez - Puzzle DLC,1,0.0,Mostly Positive,79.76,2021,2021,
2162800,shapez 2,1,24.0,Overwhelmingly Positive,97.88,2024,2025,1.95
708340,Shark Simulator,1,0.6,No reviews,,,2017,
20820,Shatter,1,0.2,No reviews,,,2010,
310810,Shiftlings,1,0.2,No reviews,,,2015,
809890,Shining Resonance Refrain,1,0.0,No reviews,,,2018,
1895300,Shinobi Warfare,1,0.0,No reviews,,,2025,0.5
666100,Shooty Fruity,1,8.3,No reviews,,,2017,
684580,Shoppe Keep 2,1,1.4,No reviews,,,2020,
533330,Shut Eye,1,0.0,No reviews,,,2019,
3910,Sid Meier's Civilization III: Complete,1,1.4,No reviews,,,2023,
65980,Sid Meier's Civilization: Beyond Earth,1,8.9,No reviews,,,2015,8.0
200190,Sideway,1,0.2,No reviews,,,2011,
314790,Silence,1,0.1,No reviews,,,2016,
24780,SimCity 4 Deluxe,1,6.6,No reviews,,,2024,
397340,SimplePlanes,1,10.1,No reviews,,,2025,
712730,SIMULACRA,1,0.0,No reviews,,,2020,
340320,Sinless,1,0.0,No reviews,,,2019,
242880,"Sir, You Are Being Hunted",1,0.4,No reviews,,,2021,
2790090,Sirocco,1,1.6,No reviews,,,2025,7.0
3114410,Skill Legends Royale,1,0.0,No reviews,,,2025,1.0
245170,Skullgirls 2nd Encore,1,0.6,No reviews,,,2024,
208610,Skullgirls ∞Endless Beta∞,1,0.0,No reviews,,,2017,
228960,Skulls of the Shogun,1,0.1,No reviews,,,2022,
1347540,Sky Fleet,1,0.3,No reviews,,,2021,0.39
414530,Skyforge,1,0.7,Mixed,59.71,,2025,20.0
382140,SKYHILL,1,1.6,No reviews,,,2017,
646570,Slay the Spire,1,2.6,No reviews,,,2025,
307690,Sleeping Dogs: Definitive Edition,1,0.0,No reviews,,,2014,
252330,Slender: The Arrival,1,0.0,No reviews,,,2025,
1916890,Slider,1,1.1,No reviews,,,2025,
433340,Slime Rancher,1,4.8,No reviews,,,2021,
235620,Small World,1,0.0,No reviews,,,2021,
259591,Small World 2 - Grand Dames,1,0.0,No reviews,,,,
1352080,SMASH LEGENDS,1,0.2,Mixed,68.82,,2025,2.0
530350,Smashbox Arena,1,0.0,No reviews,,,2017,
2437170,SMITE 2,1,6.8,Mixed,56.18,,2025,30.0
2781320,SMITE 2 - Public Test,1,0.0,Mixed,57.48,,2024,30.0
544330,Snake Pass,1,0.6,No reviews,,,2018,
204220,Snapshot,1,0.3,No reviews,,,2013,
244930,SNOW,1,0.3,No reviews,,,2021,
1465360,SnowRunner,1,12.9,Very Positive,90.1,,2025,50.0
111100,Snuggle Truck,1,0.5,No reviews,,,2015,
485610,Soccer Online: Ball 3D,1,0.2,Very Positive,84.56,2017,2025,0.49
564710,Soda Dungeon,1,0.0,No reviews,,,2020,
946050,Soda Dungeon 2,1,0.6,No reviews,,,2022,
200410,SOL: Exodus,1,0.3,No reviews,,,2014,
1096530,Solasta: Crown of the Magister,1,21.2,Very Positive,87.18,,2025,40.0
282140,SOMA,1,0.0,No reviews,,,2024,
1096570,SONG OF HORROR,1,0.0,No reviews,,,2022,
1151730,SONG OF HORROR Episode 2,1,0.0,No reviews,,,,
213610,Sonic Adventure™ 2,1,1.5,No reviews,,,2025,
544750,SOULCALIBUR VI,1,1.1,Very Positive,82.33,,2020,20.0
1377580,Soulworker,1,0.0,Mostly Positive,70.68,,2025,20.0
630100,SoulWorker,1,0.7,Mostly Positive,79.14,,2020,5.0
2443110,South Scrimshaw Part One,1,0.0,No reviews,,,2024,
244850,Space Engineers,1,130.8,No reviews,,,2025,
298900,Space Hulk: Deathwing,1,0.0,Mixed,54.46,,2018,40.0
816090,Space Hulk: Deathwing - Enhanced Edition,1,13.0,Mostly Positive,72.28,,2018,
429470,Space Pilgrim Episode I: Alpha Centauri,1,0.0,No reviews,,,2019,
107200,Space Pirates and Zombies,1,0.4,No reviews,,,2022,
10110,Space Quest Collection,1,0.0,No reviews,,,2016,
436180,Spacelords,1,0.1,Mixed,53.27,,2021,
361190,Sparkle 3 Genesis,1,0.0,No reviews,,,2019,
448000,Sparkle ZERO,1,0.0,No reviews,,,2019,
340460,Spartans Vs Zombies Defense,1,4.9,No reviews,,,2015,
420360,Spectrum,1,0.2,No reviews,,,2017,
207140,SpeedRunners,1,24.5,No reviews,,,2025,
1248270,Spellbound Spire,1,0.8,No reviews,,,2020,
63640,Spelunx,1,0.0,No reviews,,,,
950860,Spiral Clicker,1,3.3,Very Positive,88.54,,2025,
446840,Splasher,1,0.2,No reviews,,,2018,
1282150,SpongeBob SquarePants: The Cosmic Shake,1,0.0,No reviews,,,2023,
1786640,SPOOKWARE: Watch Party,1,0.0,No reviews,,,2022,
590690,Sprint Vector,1,0.6,No reviews,,,2018,
283980,SPY Fox in: Dry Cereal,1,2.6,No reviews,,,2019,
996580,Spyro™ Reignited Trilogy,1,12.5,No reviews,,,2019,
736220,Squad 44,1,0.5,Mostly Positive,74.85,,2025,100.0
1948280,Stacklands,1,9.9,Overwhelmingly Positive,96.28,2022,2024,0.2
2238900,STAR OCEAN THE SECOND STORY R,1,50.0,Very Positive,93.98,2023,2024,20.0
527100,Star Trek: Bridge Crew,1,1.1,No reviews,,,2018,
6060,"Star Wars: Battlefront 2 (Classic, 2005)",1,0.0,No reviews,,,2025,
32470,STAR WARS™ Empire at War: Gold Pack,1,0.4,No reviews,,,2024,
356500,STAR WARS™ Galactic Battlegrounds Saga,1,0.0,No reviews,,,2017,
6030,STAR WARS™ Jedi Knight II: Jedi Outcast™,1,0.0,No reviews,,,2021,
6020,STAR WARS™ Jedi Knight: Jedi Academy™,1,0.0,No reviews,,,2023,
32370,STAR WARS™ Knights of the Old Republic™,1,0.0,No reviews,,,2024,
32350,STAR WARS™ Starfighter™,1,0.0,No reviews,,,2018,
361690,STAR WARS™ X-Wing vs TIE Fighter: Balance of Power Campaigns™,1,0.0,No reviews,,,2017,
456540,STAR WARS™: Rebel Assault I + II,1,0.0,No reviews,,,2020,
455910,STAR WARS™: Rogue Squadron 3D,1,0.0,No reviews,,,,
560170,STAR WARS™: Shadows of the Empire,1,0.0,No reviews,,,,
1222730,STAR WARS™: Squadrons,1,6.5,Mixed,65.46,,2022,40.0
32500,STAR WARS™: The Force Unleashed™ II,1,0.0,No reviews,,,2011,
1286830,STAR WARS™: The Old Republic™,1,60.1,Very Positive,89.54,,2025,75.0
361670,STAR WARS™: X-Wing Alliance™,1,0.0,No reviews,,,2017,
230980,Starseed Pilgrim,1,0.1,No reviews,,,2021,
2448930,Starstruck Vagabond,1,0.8,Very Positive,87.66,2024,2025,0.49
1180380,Stay Out,1,0.2,Mixed,66.58,,2025,21.0
209190,Stealth Bastard Deluxe,1,0.4,No reviews,,,2023,
329380,Stealth Inc 2,1,0.0,No reviews,,,2023,
252410,SteamWorld Dig,1,7.1,No reviews,,,2016,
571310,SteamWorld Dig 2,1,9.3,No reviews,,,2017,
322190,SteamWorld Heist,1,29.3,No reviews,,,2022,
969680,Steel Circus,1,0.3,Mixed,67.77,,2019,
1691340,Steel Hunters,1,1.6,Mixed,57.39,,2025,32.0
1032120,Stellar Survivor,1,0.0,Mixed,65.14,,2019,3.42
281990,Stellaris,1,47.3,Very Positive,86.9,,2025,12.0
674940,Stick Fight: The Game,1,4.4,No reviews,,,2020,
1063490,Still There,1,0.0,No reviews,,,2022,
1330000,Stolen Realm,1,2.5,Very Positive,84.82,,2025,2.0
439190,Stories: The Path of Destinies,1,4.5,No reviews,,,2019,
457380,STORM VR,1,0.0,No reviews,,,2016,
312670,Strange Brigade,1,5.5,Very Positive,84.32,,2018,35.0
1333410,Stream Racer,1,0.0,Very Positive,85.13,,2024,2.0
586200,Street Fighter 30th Anniversary Collection,1,0.0,No reviews,,,2018,
310950,Street Fighter V,1,0.0,No reviews,,,2024,
339280,Strife,1,0.0,Mostly Positive,76.51,,2025,
1035560,Struggling,1,0.0,No reviews,,,2021,
355790,Styx: Shards of Darkness,1,0.4,No reviews,,,2025,
1619300,Subnautica Soundtrack,1,0.0,No reviews,,,,
676820,Subsurface Circular,1,0.0,No reviews,,,2017,
2167580,Summoners War: Chronicles,1,0.0,Mostly Positive,77.52,,2025,
847370,Sunset Overdrive,1,0.0,No reviews,,,2018,
250500,Super Amazing Wagon Adventure,1,9.9,Overwhelmingly Positive,95.28,2013,2022,0.06
865040,Super Bit Blaster XL,1,0.0,Very Positive,93.71,2020,2025,0.49
560260,Super Blue Boy Planet,1,0.0,No reviews,,,2025,
1341230,Super Buckyball Tournament Preseason,1,0.2,Very Positive,85.91,,2021,
212800,Super Crate Box,1,1.5,Very Positive,88.99,,2015,
772480,Super Inefficient Golf,1,0.0,Mostly Positive,78.18,,2018,
40800,Super Meat Boy,1,13.0,No reviews,,,2024,
1368910,Super Mecha Champions,1,0.5,Mixed,69.43,,2023,
314070,Super Mega Baseball: Extra Innings,1,0.6,No reviews,,,2016,
311190,Super Panda Adventures,1,0.0,No reviews,,,2015,
1541250,Super Raft Boat Classic,1,0.0,No reviews,,,2021,
1595490,Super Raft Boat VR,1,0.2,No reviews,,,2022,
1124940,Super Squad,1,1.2,Mostly Positive,70.37,,2023,
204060,Superbrothers: Sword & Sworcery EP,1,0.7,No reviews,,,2023,
1283700,SUPERVIVE,1,1.9,Very Positive,85.51,,2025,
813630,Supraland,1,32.3,No reviews,,,2022,
1522870,Supraland Six Inches Under,1,10.7,No reviews,,,2024,
784950,Supremacy: World War 3,1,0.3,No reviews,,,2025,
438080,Surfingers,1,0.0,No reviews,,,2019,
233720,Surgeon Simulator,1,4.2,No reviews,,,2016,
518920,Surgeon Simulator: Experience Reality,1,0.0,No reviews,,,2022,
3113960,Swapmeat Playtest,1,0.1,Positive,87.76,,2025,
833090,Swords of Gurrah,1,0.0,No reviews,,,2021,
1008080,SYNCED,1,0.0,No reviews,,,2024,
984110,SYNTHETIK: Arena,1,0.0,No reviews,,,2019,
238210,System Shock® 2 (1999),1,6.3,No reviews,,,2025,
838410,Tabletop Playground,1,0.0,No reviews,,,2024,
343860,Tacoma,1,1.4,No reviews,,,2024,
828740,Tales of the Neon Sea,1,0.0,No reviews,,,2025,
247000,Talisman: Digital Classic Edition,1,0.4,No reviews,,,2025,
1206240,Talvisota - Winter War,1,0.0,No reviews,,,2021,
628770,Tangledeep,1,0.3,No reviews,,,2023,
712150,TankVR,1,0.0,No reviews,,,2019,
568090,Tattletail,1,0.0,No reviews,,,2017,
504460,Team Racing League,1,0.0,No reviews,,,2018,
2251080,TeamPunk,1,0.0,No reviews,,,2023,
1154420,Tech Support 2077,1,0.0,No reviews,,,,
340310,Teddy Floppy Ear - Kayaking,1,0.0,No reviews,,,2019,
340300,Teddy Floppy Ear - Mountain Adventure,1,0.0,No reviews,,,2019,
371420,Teddy Floppy Ear - The Race,1,0.0,No reviews,,,2019,
1180660,Tell Me Why,1,0.0,No reviews,,,2020,
8330,Telltale Texas Hold'Em,1,0.0,No reviews,,,,
3104410,Terminull Brigade™,1,0.0,No reviews,,,2025,
249590,Teslagrad,1,0.3,No reviews,,,2021,
1171660,The Ambassador: Fractured Timelines,1,0.0,No reviews,,,2022,
35460,The Ball,1,0.8,No reviews,,,2013,
41900,The Bard's Tale,1,0.0,No reviews,,,2017,
214790,The Basement Collection,1,4.0,No reviews,,,2012,
792300,The Beast Inside,1,0.0,No reviews,,,2023,
250900,The Binding of Isaac: Rebirth,1,31.9,No reviews,,,2025,
65930,The Bureau: XCOM Declassified,1,0.7,No reviews,,,2013,
440880,The Count Lucanor,1,0.0,No reviews,,,2024,
2899520,The Count Lucanor Original Soundtrack,1,0.0,No reviews,,,,
868270,The Cycle: Frontier,1,1.2,No reviews,,,2023,
67370,The Darkness II,1,0.0,No reviews,,,2012,
353700,The Deadly Tower of Monsters,1,0.5,No reviews,,,2016,
351940,The Descendant,1,0.0,No reviews,,,2016,
298180,The Desolate Hope,1,0.0,No reviews,,,,
473670,The Dolls,1,0.0,No reviews,,,2019,
463930,The Dweller,1,1.7,No reviews,,,2019,
2623190,The Elder Scrolls IV: Oblivion Remastered,1,23.0,No reviews,,,2025,
489830,The Elder Scrolls V: Skyrim Special Edition,1,14.7,No reviews,,,2024,
298630,The Escapists,1,6.9,No reviews,,,2018,
641990,The Escapists 2,1,0.3,No reviews,,,2018,
821170,The Escapists 2 - Dungeons and Duct Tape,1,0.0,No reviews,,,,
312990,The Expendabros,1,0.0,No reviews,,,2015,
290770,The Fall,1,3.0,No reviews,,,2017,
1251060,The Fallen,1,0.2,No reviews,,,,
2060160,The Farmer Was Replaced,1,0.8,Overwhelmingly Positive,97.12,2023,2025,1.0
435530,The Final Station,1,4.1,No reviews,,,2017,
2073850,THE FINALS,1,5.4,No reviews,,,2025,
2074920,The First Descendant,1,5.1,No reviews,,,2025,
555150,The First Tree,1,1.3,No reviews,,,2021,
318600,The Flame in the Flood,1,0.7,No reviews,,,2022,
242760,The Forest,1,8.0,No reviews,,,2023,
434170,The Jackbox Party Pack 3,1,5.4,No reviews,,,2025,
610180,The Jackbox Party Pack 4,1,3.0,No reviews,,,2024,
450390,The Lab,1,1.0,No reviews,,,2021,
402530,The Last Door: Season 2 - Collector's Edition,1,1.0,No reviews,,,2017,
640590,The LEGO® NINJAGO® Movie Video Game,1,0.0,No reviews,,,2024,
423590,The Little Acre,1,0.0,No reviews,,,2019,
554340,The Little Acre - Digital Art Book,1,0.0,No reviews,,,,
305620,The Long Dark,1,3.7,No reviews,,,2025,
212500,The Lord of the Rings Online™,1,2.9,No reviews,,,2025,
474910,The Mahjong Huntress,1,0.0,No reviews,,,2019,
239220,The Mighty Quest For Epic Loot,1,0.2,No reviews,,,2015,
696480,The Norwood Suite,1,0.0,No reviews,,,2018,
1865370,The one who pulls out the sword will be crowned king,1,1.0,Very Positive,90.73,2022,2022,0.63
512470,The Pirate: Caribbean Hunt,1,0.0,No reviews,,,2021,
780310,The Riftbreaker,1,3.2,No reviews,,,2025,
425580,The Room Two,1,0.0,No reviews,,,2025,
2400,The Ship,1,0.0,No reviews,,,2022,
2420,The Ship Single Player,1,0.3,No reviews,,,2014,
2430,The Ship Tutorial,1,0.0,No reviews,,,,
501320,The Shrouded Isle,1,0.3,No reviews,,,2018,
457760,The Signal From Tölva,1,0.0,No reviews,,,2021,
2904000,The Spell Brigade,1,1.0,No reviews,,,2025,
833110,The Steadfast VR Challenge,1,0.7,No reviews,,,,
2018870,The Summon,1,3.2,No reviews,,,2023,
231160,The Swapper,1,1.6,No reviews,,,2025,
96000,The Tiny Bang Story,1,0.0,No reviews,,,2015,
207610,The Walking Dead,1,0.0,No reviews,,,2018,
261030,The Walking Dead: Season Two,1,4.9,No reviews,,,2017,
324740,The Warlock of Firetop Mountain,1,2.8,No reviews,,,2018,
311010,The Way,1,0.0,No reviews,,,2018,
526160,The Wild Eight,1,0.0,No reviews,,,2024,
250320,The Wolf Among Us,1,29.2,No reviews,,,2018,
319740,There Came an Echo,1,0.0,No reviews,,,2015,
644930,They Are Billions,1,15.6,No reviews,,,2024,
211260,They Bleed Pixels,1,0.2,No reviews,,,2025,
211740,Thief™ II: The Metal Age,1,0.0,No reviews,,,2018,
286080,Thinking with Time Machine,1,0.8,No reviews,,,2015,
220780,Thomas Was Alone,1,0.0,No reviews,,,2014,
510620,THOTH,1,0.0,No reviews,,,2019,
40420,Tidalis,1,0.4,No reviews,,,2019,
432260,Tiltagon,1,0.2,No reviews,,,2018,
398710,Timberman,1,0.0,No reviews,,,2021,
673450,Time Lock VR 1,1,0.8,No reviews,,,2022,
205910,Tiny and Big: Grandpa's Leftovers,1,0.0,No reviews,,,2016,
1286680,Tiny Tina's Wonderlands,1,3.6,No reviews,,,2025,
1165380,To Be Headed Or Not To Be,1,2.1,No reviews,,,2019,
206440,To the Moon,1,3.9,No reviews,,,2025,
243870,Tom Clancy's Ghost Recon Phantoms - NA,1,0.4,No reviews,,,2015,
623990,Tom Clancy's Rainbow Six Siege - Test Server,1,0.0,No reviews,,,,
359550,Tom Clancy's Rainbow Six® Siege X,1,0.3,No reviews,,,2025,
286000,Tooth and Tail,1,0.2,No reviews,,,2021,
41500,Torchlight,1,0.0,No reviews,,,2012,
200710,Torchlight II,1,9.7,No reviews,,,2017,
500670,Tormentor❌Punisher,1,0.0,No reviews,,,2017,
674500,Total Tank Simulator,1,0.0,No reviews,,,2023,
34330,Total War: SHOGUN 2,1,0.0,No reviews,,,2025,
364360,Total War: WARHAMMER,1,0.0,No reviews,,,2021,
1142710,Total War: WARHAMMER III,1,8.4,No reviews,,,2025,
2064650,Tower of Fantasy,1,0.0,No reviews,,,2025,
214360,Tower Wars,1,11.4,No reviews,,,2014,
3372980,Tower Wizard,1,4.6,Overwhelmingly Positive,97.42,2025,2025,0.15
1673670,TowersRTS,1,0.0,No reviews,,,2023,
334230,Town of Salem,1,5.7,No reviews,,,2024,
392410,ToyOdyssey,1,0.0,No reviews,,,2017,
2225070,Trackmania,1,10.7,No reviews,,,2025,
11020,TrackMania Nations Forever,1,1.8,No reviews,,,2016,
657240,Tracks - The Train Set Game,1,0.5,No reviews,,,2025,
1301930,Traffic Jams,1,0.4,No reviews,,,2021,
2119490,TRAHA Global,1,0.0,No reviews,,,2023,
914010,Train Station Renovation,1,0.0,No reviews,,,2022,
353640,Train Valley,1,3.5,No reviews,,,2025,
381940,Trials on Tatooine,1,0.2,No reviews,,,2016,
1106880,Tribes of Midgard - Open Beta,1,2.4,No reviews,,,2020,
35700,Trine,1,0.8,No reviews,,,2023,
35720,Trine 2,1,0.0,No reviews,,,2023,
319910,Trine 3: The Artifacts of Power,1,0.0,No reviews,,,2023,
690640,Trine 4: The Nightmare Prince,1,2.8,No reviews,,,2023,
57690,Tropico 4,1,0.2,No reviews,,,2014,
304050,Trove,1,0.3,No reviews,,,2025,
457890,TumbleSeed,1,0.0,No reviews,,,2017,
361280,Turmoil,1,16.1,No reviews,,,2025,
258890,Type:Rider,1,0.3,No reviews,,,2023,
386940,Ultimate Chicken Horse,1,26.2,No reviews,,,2024,
871720,Ultimate Custom Night,1,0.1,No reviews,,,2018,
616560,Ultimate Epic Battle Simulator,1,1.3,No reviews,,,2020,
301660,Ultra SFIV Digital Upgrade,1,0.0,No reviews,,,2014,
45760,Ultra Street Fighter IV,1,0.0,No reviews,,,2016,
1549250,Undecember,1,0.0,No reviews,,,2025,
1276730,Undungeon Arena,1,0.0,No reviews,,,2020,
233980,Unepic,1,5.0,No reviews,,,2024,
2635360,United Penguin Kingdom: Huddle up,1,0.0,No reviews,,,2024,
2471100,Unnamed Space Idle,1,0.2,No reviews,,,2025,
3062930,Unplagued,1,0.0,No reviews,,,2024,
1016920,Unrailed!,1,6.4,No reviews,,,2025,
959080,Unsung Warriors - Prologue,1,0.3,No reviews,,,2025,
63650,Uru: Complete Chronicles,1,0.0,No reviews,,,2025,
1999270,V Rising Soundtrack,1,0.0,No reviews,,,,
726830,Vacation Simulator,1,15.1,No reviews,,,2020,
1025580,Vainglory,1,0.8,No reviews,,,2020,
600130,Valfaris,1,0.0,No reviews,,,2024,
790820,Valkyria Chronicles 4 Complete Edition,1,0.0,No reviews,,,2019,
1222800,VALKYRIE CONNECT,1,0.0,No reviews,,,2020,
2230760,Vampire Survivors: Legacy of the Moonspell,1,0.0,No reviews,,,,
760160,Vampire: The Masquerade - Bloodhunt,1,2.2,No reviews,,,2023,
1279630,Vampire: The Masquerade - Shadows of New York,1,0.0,No reviews,,,2021,
546600,Vanguards,1,0.2,No reviews,,,2017,
322770,Vanishing Realms,1,0.4,No reviews,,,2020,
650090,VeeR VR,1,0.0,No reviews,,,2019,
242860,Verdun,1,0.1,No reviews,,,2025,
467990,Versus: Battle of the Gladiator,1,0.0,No reviews,,,2016,
1807480,Vertical Shift,1,0.0,No reviews,,,2024,
108500,Vessel,1,0.9,No reviews,,,2012,
492840,Veterans Online,1,0.2,No reviews,,,2020,
345180,Victor Vran,1,0.5,No reviews,,,2019,
2819520,Viking Rise,1,0.0,No reviews,,,2025,
404590,Vikings - Wolves of Midgard,1,0.4,No reviews,,,2023,
212160,Vindictus,1,25.1,No reviews,,,2025,
255520,Viscera Cleanup Detail: Shadow Warrior,1,0.1,No reviews,,,2019,
843080,VR Hero Sentry,1,0.0,No reviews,,,2019,
2863820,VRLegs,1,0.2,No reviews,,,2025,
70300,VVVVVV,1,13.7,No reviews,,,2025,
1082750,Wacktory,1,0.0,No reviews,,,,
965200,Walking Zombie 2,1,0.0,No reviews,,,2021,
2187290,Wall World,1,8.1,No reviews,,,2024,
31100,Wallace & Gromit Ep 1: Fright of the Bumblebees,1,0.0,No reviews,,,2011,
31110,Wallace & Gromit Ep 2: The Last Resort,1,0.0,No reviews,,,,
31120,Wallace & Gromit Ep 3: Muzzled!,1,0.0,No reviews,,,,
31130,Wallace & Gromit Ep 4: The Bogey Man,1,0.0,No reviews,,,,
436820,Waltz of the Wizard (Legacy demo),1,0.9,No reviews,,,2022,
741400,Wands,1,0.2,No reviews,,,2021,
3167260,WAR RATS: The Rat em Up,1,1.0,No reviews,,,2025,
767560,War Robots,1,0.0,No reviews,,,2025,
251060,Wargame: Red Dragon,1,0.0,No reviews,,,2024,
1361210,"Warhammer 40,000: Darktide",1,17.0,No reviews,,,2025,
2156210,"Warhammer 40,000: Darktide Closed Beta",1,0.6,No reviews,,,2022,
4570,"Warhammer 40,000: Dawn of War - Anniversary Edition",1,0.0,No reviews,,,2025,
4580,"Warhammer 40,000: Dawn of War - Dark Crusade",1,0.0,No reviews,,,2016,
9450,"Warhammer 40,000: Dawn of War - Soulstorm",1,1.0,No reviews,,,2016,
9310,"Warhammer 40,000: Dawn of War - Winter Assault",1,0.0,No reviews,,,2015,
15620,"Warhammer 40,000: Dawn of War II - Anniversary Edition",1,2.1,No reviews,,,2025,
20570,"Warhammer 40,000: Dawn of War II - Chaos Rising",1,0.0,No reviews,,,2015,
56400,"Warhammer 40,000: Dawn of War II - Retribution",1,14.5,No reviews,,,2016,
3238340,"Warhammer 40,000: Dawn of War II Soundtrack",1,0.0,No reviews,,,,
285190,"Warhammer 40,000: Dawn of War III",1,16.7,No reviews,,,2025,
375230,"Warhammer 40,000: Eternal Crusade",1,2.5,No reviews,,,2019,
527430,"Warhammer 40,000: Inquisitor - Martyr",1,20.0,No reviews,,,2025,
1042800,"Warhammer 40,000: Inquisitor - Prophecy",1,0.0,No reviews,,,2025,
2186680,"Warhammer 40,000: Rogue Trader",1,28.2,No reviews,,,2025,
3622820,"Warhammer 40,000: Rogue Trader - Lex Imperialis",1,0.0,No reviews,,,,
1324530,"Warhammer 40,000: Shootas, Blood & Teef",1,1.9,No reviews,,,2023,
2183900,"Warhammer 40,000: Space Marine 2",1,12.5,No reviews,,,2025,
2078450,"Warhammer 40,000: Speed Freeks",1,3.9,No reviews,,,2025,
1985170,"Warhammer 40,000: Warpforge",1,3.1,No reviews,,,2025,
1031140,Warhammer Horus Heresy: Legions,1,0.0,No reviews,,,2025,
1022310,Warhammer Underworlds - Shadespire Edition,1,0.5,No reviews,,,2023,
1144170,Warhammer: Chaos & Conquest,1,0.0,No reviews,,,2025,
552500,Warhammer: Vermintide 2,1,34.4,No reviews,,,2025,
828790,Warhammer: Vermintide 2 - Shadows Over Bögenhafen,1,0.0,No reviews,,,,
2107670,Warhaven,1,0.3,No reviews,,,2024,
2107680,Warhaven Playtest,1,1.6,No reviews,,,2022,
1675900,Warlander,1,5.4,No reviews,,,2025,
253510,Warmachine Tactics,1,0.2,No reviews,,,2018,
259130,Wasteland 1 - The Original Classic,1,0.0,No reviews,,,2014,
46520,Wasteland Angel,1,0.0,No reviews,,,2021,
394130,Water Bears VR,1,0.5,No reviews,,,2017,
2343650,Waven,1,0.1,No reviews,,,2025,
2296990,We Were Here Expeditions: The FriendShip,1,2.6,No reviews,,,2024,
3146520,WEBFISHING,1,0.2,No reviews,,,2025,
1342620,Werewolf: The Apocalypse - Heart of the Forest,1,0.0,No reviews,,,2020,
866440,What Never Was,1,0.0,No reviews,,,2019,
2704210,Wheelborn,1,0.3,No reviews,,,,
326410,Windward,1,0.0,No reviews,,,2025,
1054490,Wingspan,1,0.2,Very Positive,94.23,2020,2025,2.0
3857590,Wish Upon a Cat,1,0.0,No reviews,,,2025,
207420,Wizorb,1,0.3,No reviews,,,2015,
1448440,Wo Long: Fallen Dynasty,1,0.8,Mixed,48.98,2023,2025,
907310,World of Myths,1,0.0,No reviews,,,2020,
552990,World of Warships,1,10.0,No reviews,,,2025,
530020,World to the West,1,8.3,No reviews,,,2025,
400630,Wuppo - Definitive Edition,1,0.0,No reviews,,,2025,
527021,Wuppo - Fun Pack,1,0.0,No reviews,,,,
527020,Wuppo - Original Soundtrack,1,0.0,No reviews,,,,
527022,Wuppo - Shop DLC,1,0.0,No reviews,,,,
7760,X-COM: UFO Defense,1,0.0,No reviews,,,2021,
92600,Xotic,1,0.0,No reviews,,,2012,
1090900,"Yes, Master!",1,0.2,No reviews,,,2021,
298610,Ylands,1,0.0,No reviews,,,2024,
360830,Yooka-Laylee,1,0.0,No reviews,,,2024,
286100,You Have to Win the Game,1,1.4,No reviews,,,2022,
2212330,Your Only Move Is HUSTLE,1,0.0,Overwhelmingly Positive,96.39,2023,2024,0.5
755770,YouTube VR,1,1.4,No reviews,,,2018,
1449850,Yu-Gi-Oh!  Master Duel,1,2.9,No reviews,,,2025,
601510,Yu-Gi-Oh! Duel Links,1,4.7,No reviews,,,2024,
1579120,Yupitergrad: Sneaki Peaki,1,0.5,No reviews,,,2024,
444930,Zaccaria Pinball,1,0.0,No reviews,,,2025,
234290,Zack Zero,1,2.2,No reviews,,,2013,
308420,Ziggurat,1,3.3,No reviews,,,2016,
665620,Zombie Hobby VR,1,0.0,No reviews,,,,
1801520,Zombieville USA 3D,1,2.6,No reviews,,,2025,
397430,Zoombinis,1,56.5,No reviews,,,2022,
427680,Zwei: The Arges Adventure,1,0.0,No reviews,,,2018,
427700,Zwei: The Ilvard Insurrection,1,0.0,No reviews,,,2018,
